SET NAMES utf8 ;
SET FOREIGN_KEY_CHECKS=0;

CREATE TABLE `interface` (
  `id` varchar(32) NOT NULL,
  `name` varchar(32) NOT NULL COMMENT '操作名称',
  `plugin` varchar(32) NOT NULL,
  `description` varchar(64) DEFAULT '' COMMENT '描述',
  `create_time` datetime DEFAULT NULL COMMENT '创建日期',
  `create_user` varchar(32) DEFAULT '' COMMENT '创建者',
  `update_time` datetime DEFAULT NULL COMMENT '更新日期',
  `update_user` varchar(32) DEFAULT '' COMMENT 'update_user',
  PRIMARY KEY (`id`),
  UNIQUE KEY `unique_plugin_name` (`plugin`,`name`),
  KEY `interface_plugin` (`plugin`),
  CONSTRAINT `interface_plugin` FOREIGN KEY (`plugin`) REFERENCES `plugin` (`id`)
) ENGINE=InnoDB DEFAULT CHARSET=utf8 COMMENT='记录 plugin 的操作:apply, destroy, query...';

CREATE TABLE `parameter` (
  `id` varchar(32) NOT NULL,
  `name` varchar(64) NOT NULL COMMENT '名称',
  `type` varchar(32) NOT NULL COMMENT '类型(list, 非 list)',
  `multiple` varchar(32) NOT NULL COMMENT 'type 字段中元素的类型(string, number, object...)',
  `interface` varchar(32) NOT NULL,
  `template` varchar(32) DEFAULT NULL,
  `datatype` varchar(32) DEFAULT NULL,
  `object_name` varchar(32) DEFAULT NULL,
  `create_time` datetime DEFAULT NULL COMMENT '创建日期',
  `create_user` varchar(32) DEFAULT '' COMMENT '创建者',
  `update_time` datetime DEFAULT NULL COMMENT '更新日期',
  `update_user` varchar(32) DEFAULT '' COMMENT '更新者',
  `source` varchar(32) DEFAULT 'custom' COMMENT '属性来源',
  `nullable` varchar(4) DEFAULT 'N',
  `sensitive` varchar(4) DEFAULT 'N',
  PRIMARY KEY (`id`),
  UNIQUE KEY `unique_interface_type_name` (`interface`,`type`,`name`),
  KEY `parameter_interface` (`interface`),
  KEY `parameter_object_name_idx` (`object_name`),
  KEY `parameter_template` (`template`),
  CONSTRAINT `parameter_interface` FOREIGN KEY (`interface`) REFERENCES `interface` (`id`),
  CONSTRAINT `parameter_object_name` FOREIGN KEY (`object_name`) REFERENCES `parameter` (`id`) ON DELETE NO ACTION ON UPDATE NO ACTION,
  CONSTRAINT `parameter_template` FOREIGN KEY (`template`) REFERENCES `template` (`id`)
) ENGINE=InnoDB DEFAULT CHARSET=utf8 COMMENT='记录抽象的配置参数:image_id, instance_type, instance_name...';

CREATE TABLE `plugin` (
  `id` varchar(32) NOT NULL,
  `name` varchar(32) NOT NULL COMMENT '名称',
  `create_time` datetime DEFAULT NULL COMMENT '创建日期',
  `create_user` varchar(32) DEFAULT '' COMMENT '创建者',
  `update_time` datetime DEFAULT NULL COMMENT '更新日期',
  `update_user` varchar(32) DEFAULT '' COMMENT '更新者',
  PRIMARY KEY (`id`),
  UNIQUE KEY `plugin_name` (`name`)
) ENGINE=InnoDB DEFAULT CHARSET=utf8 COMMENT='记录抽象的资源:instance, vpc, subnet, route_table, security_group...';

CREATE TABLE `provider` (
  `id` varchar(32) NOT NULL,
  `name` varchar(32) NOT NULL COMMENT '名称',
  `version` varchar(64) NOT NULL COMMENT 'provider 版本号',
  `create_time` datetime DEFAULT NULL COMMENT '创建日期',
  `create_user` varchar(32) DEFAULT '' COMMENT '创建者',
  `update_time` datetime DEFAULT NULL COMMENT '更新日期',
  `update_user` varchar(32) DEFAULT '' COMMENT '更新者',
  `secret_id_attr_name` varchar(32) DEFAULT NULL,
  `secret_key_attr_name` varchar(32) DEFAULT NULL,
  `region_attr_name` varchar(32) DEFAULT NULL,
  `Initialized` varchar(4) DEFAULT NULL,
  `name_space` varchar(128) DEFAULT NULL,
  PRIMARY KEY (`id`),
  UNIQUE KEY `provider_name` (`name`)
) ENGINE=InnoDB DEFAULT CHARSET=utf8 COMMENT='记录云厂商类别:tencentcloud, alicloud, aws...';

CREATE TABLE `provider_info` (
  `id` varchar(32) NOT NULL,
  `name` varchar(32) NOT NULL COMMENT '名称',
  `provider` varchar(32) NOT NULL,
  `secret_id` varchar(512) NOT NULL COMMENT '密钥 id',
  `secret_key` varchar(512) NOT NULL COMMENT '密钥 key',
  `create_time` datetime DEFAULT NULL COMMENT '创建日期',
  `create_user` varchar(32) DEFAULT '' COMMENT '创建者',
  `update_time` datetime DEFAULT NULL COMMENT '更新日期',
  `update_user` varchar(32) DEFAULT '' COMMENT '更新者',
  `import_prefix` varchar(256) DEFAULT '',
  PRIMARY KEY (`id`),
  UNIQUE KEY `name_UNIQUE` (`name`),
  KEY `provider_info_provider` (`provider`),
  CONSTRAINT `provider_info_provider` FOREIGN KEY (`provider`) REFERENCES `provider` (`id`)
) ENGINE=InnoDB DEFAULT CHARSET=utf8 COMMENT='记录云厂商信息';

CREATE TABLE `provider_template_value` (
  `id` varchar(32) NOT NULL,
  `value` varchar(64) NOT NULL COMMENT '配置值',
  `provider` varchar(32) NOT NULL,
  `template_value` varchar(32) NOT NULL,
  `create_time` datetime DEFAULT NULL COMMENT '创建日期',
  `create_user` varchar(32) DEFAULT '' COMMENT '创建者',
  `update_time` datetime DEFAULT NULL COMMENT '更新日期',
  `update_user` varchar(32) DEFAULT '' COMMENT '更新者',
  PRIMARY KEY (`id`),
  UNIQUE KEY `unique_provider_template_value_value` (`provider`,`template_value`,`value`),
  KEY `provider_template_value_template_value` (`template_value`),
  KEY `provider_template_value_provider` (`provider`),
  CONSTRAINT `provider_template_value_provider` FOREIGN KEY (`provider`) REFERENCES `provider` (`id`),
  CONSTRAINT `provider_template_value_template_value` FOREIGN KEY (`template_value`) REFERENCES `template_value` (`id`)
) ENGINE=InnoDB DEFAULT CHARSET=utf8 COMMENT='记录云厂商的配置值:S2.SMALL2...';

CREATE TABLE `resource_data` (
  `id` varchar(32) NOT NULL,
  `resource` varchar(32) NOT NULL,
  `resource_id` varchar(128) NOT NULL COMMENT 'wecube 资源的 id',
  `resource_asset_id` varchar(1024) NOT NULL COMMENT '云上资源的 id',
  `tf_file` text COMMENT 'tf file 内容',
  `tf_state_file` text COMMENT 'tf state file 内容',
  `create_time` datetime DEFAULT NULL COMMENT '创建日期',
  `create_user` varchar(32) DEFAULT '' COMMENT '创建者',
  `update_time` datetime DEFAULT NULL COMMENT '更新日期',
  `update_user` varchar(32) DEFAULT '' COMMENT '更新者',
  `region_id` varchar(128) DEFAULT NULL,
  PRIMARY KEY (`id`),
  KEY `resource_data_source_idx` (`resource`),
  CONSTRAINT `resource_data_source` FOREIGN KEY (`resource`) REFERENCES `source` (`id`) ON DELETE NO ACTION ON UPDATE NO ACTION
) ENGINE=InnoDB DEFAULT CHARSET=utf8 COMMENT='记录 Terraform action 资源操作后的 data';

CREATE TABLE `resource_data_debug` (
  `id` varchar(32) NOT NULL,
  `resource_id` varchar(128) DEFAULT NULL,
  `resource_asset_id` varchar(1024) DEFAULT NULL,
  `tf_file` text,
  `tf_state_file` text,
  `resource` varchar(32) NOT NULL,
  `region_id` varchar(128) DEFAULT NULL,
  `create_time` datetime DEFAULT NULL,
  `create_user` varchar(64) DEFAULT NULL,
  `update_time` datetime DEFAULT NULL,
  `update_user` varchar(64) DEFAULT NULL,
  PRIMARY KEY (`id`)
) ENGINE=InnoDB DEFAULT CHARSET=utf8;

CREATE TABLE `source` (
  `id` varchar(32) NOT NULL,
  `interface` varchar(32) NOT NULL,
  `provider` varchar(32) NOT NULL,
  `name` varchar(64) NOT NULL COMMENT '名称',
  `asset_id_attribute` varchar(32) DEFAULT NULL,
  `terraform_used` varchar(32) DEFAULT NULL,
  `create_time` datetime DEFAULT NULL COMMENT '创建日期',
  `create_user` varchar(32) DEFAULT '' COMMENT '创建者',
  `update_time` datetime DEFAULT NULL COMMENT '更新日期',
  `update_user` varchar(32) DEFAULT '' COMMENT '更新者',
  `import_prefix` varchar(256) DEFAULT '',
  `execution_seq_no` int(4) DEFAULT '1',
  `import_support` varchar(4) DEFAULT 'Y',
  `source_type` varchar(64) DEFAULT NULL,
  `remark` varchar(128) DEFAULT '',
  PRIMARY KEY (`id`),
  UNIQUE KEY `unique_provider_interface_name` (`provider`,`interface`,`name`),
  KEY `source_interface_idx` (`interface`),
  KEY `source_provider` (`provider`),
  CONSTRAINT `source_interface` FOREIGN KEY (`interface`) REFERENCES `interface` (`id`),
  CONSTRAINT `source_provider` FOREIGN KEY (`provider`) REFERENCES `provider` (`id`)
) ENGINE=InnoDB DEFAULT CHARSET=utf8 COMMENT='记录 Terraform data /resource后面那个type名字(如 resource "alicloud_instance" "instance" {}中的 alicloud_instance, data "alicloud_zones" "default" {}中的 alicloud_zones)';

CREATE TABLE `sys_log` (
  `id` int(11) NOT NULL AUTO_INCREMENT COMMENT '自增主键',
  `log_cat` varchar(64) NOT NULL DEFAULT '' COMMENT ' 日志归类',
  `operator` varchar(20) NOT NULL DEFAULT '' COMMENT '操作用户',
  `operation` varchar(64) NOT NULL DEFAULT '' COMMENT '操作行为',
  `content` longtext COMMENT '具体内容',
  `request_url` varchar(512) DEFAULT '' COMMENT '请求url',
  `client_host` varchar(20) DEFAULT NULL COMMENT '请求客户端IP',
  `created_date` varchar(32) NOT NULL COMMENT '日志时间',
  PRIMARY KEY (`id`)
) ENGINE=InnoDB AUTO_INCREMENT=1 DEFAULT CHARSET=utf8 COMMENT='记录操作的日志信息';

CREATE TABLE `template` (
  `id` varchar(32) NOT NULL,
  `name` varchar(32) NOT NULL COMMENT '名称',
  `description` varchar(64) DEFAULT '' COMMENT '描述',
  `create_time` datetime DEFAULT NULL COMMENT '创建日期',
  `create_user` varchar(32) DEFAULT '' COMMENT '创建者',
  `update_time` datetime DEFAULT NULL COMMENT '更新日期',
  `update_user` varchar(32) DEFAULT '' COMMENT '更新者',
  PRIMARY KEY (`id`),
  UNIQUE KEY `name_UNIQUE` (`name`)
) ENGINE=InnoDB DEFAULT CHARSET=utf8 COMMENT='记录抽象的配置名: 如 instance_type,此表用作抽象,以免出现多个重复的 template_value';

CREATE TABLE `template_value` (
  `id` varchar(32) NOT NULL,
  `value` varchar(64) NOT NULL COMMENT '配置值',
  `template` varchar(32) NOT NULL,
  `create_time` datetime DEFAULT NULL COMMENT '创建日期',
  `create_user` varchar(32) DEFAULT '' COMMENT '创建者',
  `update_time` datetime DEFAULT NULL COMMENT '更新日期',
  `update_user` varchar(32) DEFAULT '' COMMENT '更新者',
  PRIMARY KEY (`id`),
  UNIQUE KEY `unique_template_value` (`template`,`value`),
  KEY `template_value_template` (`template`),
  CONSTRAINT `template_value_template` FOREIGN KEY (`template`) REFERENCES `template` (`id`)
) ENGINE=InnoDB DEFAULT CHARSET=utf8 COMMENT='记录抽象的配置值:1C2G...';

CREATE TABLE `tf_argument` (
  `id` varchar(32) NOT NULL,
  `name` varchar(32) NOT NULL COMMENT '名称',
  `source` varchar(32) NOT NULL,
  `parameter` varchar(32) DEFAULT NULL,
  `default_value` varchar(128) DEFAULT NULL COMMENT '默认值',
  `is_null` varchar(4) DEFAULT NULL COMMENT '是否为空',
  `type` varchar(32) NOT NULL COMMENT '数据类型',
  `object_name` varchar(32) DEFAULT NULL,
  `is_multi` varchar(4) NOT NULL COMMENT '是否支持多个值',
  `convert_way` varchar(32) DEFAULT NULL COMMENT '转换方式',
  `relative_source` varchar(32) DEFAULT NULL,
  `relative_tfstate_attribute` varchar(32) DEFAULT NULL COMMENT '关联 attr，用于 attr 转换',
  `relative_parameter` varchar(32) DEFAULT NULL COMMENT '关联参数，用于上下文 context 转换',
  `relative_parameter_value` varchar(128) DEFAULT NULL COMMENT '关联值，用于上下文 context 转换',
  `function_define` text,
  `create_time` datetime DEFAULT NULL COMMENT '创建日期',
  `create_user` varchar(32) DEFAULT NULL COMMENT '创建者',
  `update_time` datetime DEFAULT NULL COMMENT '更新日期',
  `update_user` varchar(32) DEFAULT NULL COMMENT '更新者',
  `key_argument` varchar(4) DEFAULT 'N',
  PRIMARY KEY (`id`),
  KEY `tf_argument_source` (`source`),
  KEY `tf_argument_relative_parameter_idx` (`relative_parameter`),
  KEY `tf_argument_relative_source` (`relative_source`),
  KEY `tf_argument_parameter` (`parameter`),
  KEY `tf_argument_object_name_idx` (`object_name`),
  KEY `tf_argument_relative_tfstate_attribute_idx` (`relative_tfstate_attribute`),
  CONSTRAINT `tf_argument_object_name` FOREIGN KEY (`object_name`) REFERENCES `tf_argument` (`id`) ON DELETE NO ACTION ON UPDATE NO ACTION,
  CONSTRAINT `tf_argument_parameter` FOREIGN KEY (`parameter`) REFERENCES `parameter` (`id`),
  CONSTRAINT `tf_argument_relative_parameter` FOREIGN KEY (`relative_parameter`) REFERENCES `parameter` (`id`) ON DELETE NO ACTION ON UPDATE NO ACTION,
  CONSTRAINT `tf_argument_relative_source` FOREIGN KEY (`relative_source`) REFERENCES `source` (`id`) ON DELETE NO ACTION ON UPDATE NO ACTION,
  CONSTRAINT `tf_argument_relative_tfstate_attribute` FOREIGN KEY (`relative_tfstate_attribute`) REFERENCES `tfstate_attribute` (`id`) ON DELETE NO ACTION ON UPDATE NO ACTION,
  CONSTRAINT `tf_argument_source` FOREIGN KEY (`source`) REFERENCES `source` (`id`)
) ENGINE=InnoDB DEFAULT CHARSET=utf8 COMMENT='记录 Terraform action 输入的参数字段';

CREATE TABLE `tfstate_attribute` (
  `id` varchar(32) NOT NULL,
  `name` varchar(32) NOT NULL COMMENT '名称',
  `source` varchar(32) NOT NULL,
  `parameter` varchar(32) DEFAULT NULL,
  `default_value` varchar(64) DEFAULT '' COMMENT '默认值',
  `is_null` varchar(4) DEFAULT NULL COMMENT '是否为空',
  `type` varchar(32) NOT NULL COMMENT '数据类型',
  `object_name` varchar(32) DEFAULT NULL,
  `is_multi` varchar(4) NOT NULL COMMENT '是否支持多个值',
  `convert_way` varchar(32) DEFAULT NULL COMMENT '转换方式',
  `relative_source` varchar(32) DEFAULT NULL,
  `relative_tfstate_attribute` varchar(32) DEFAULT NULL,
  `relative_parameter` varchar(32) DEFAULT NULL COMMENT '关联参数，用于上下文 context 转换',
  `relative_parameter_value` varchar(128) DEFAULT NULL COMMENT '关联值，用于上下文 context 转换',
  `function_define` text,
  `create_time` datetime DEFAULT NULL COMMENT '创建日期',
  `create_user` varchar(32) DEFAULT NULL COMMENT '创建者',
  `update_time` datetime DEFAULT NULL COMMENT '更新日期',
  `update_user` varchar(32) DEFAULT NULL COMMENT '更新者',
  PRIMARY KEY (`id`),
  KEY `tfstate_attribute_relative_source_idx` (`relative_source`),
  KEY `tfstate_attribute_source` (`source`),
  KEY `tfstate_attribute_relative_parameter_idx` (`relative_parameter`),
  KEY `tfstate_attribute_source_idx` (`object_name`),
  KEY `tfstate_attribute_parameter` (`parameter`),
  CONSTRAINT `tfstate_attribute_object_name` FOREIGN KEY (`object_name`) REFERENCES `tfstate_attribute` (`id`) ON DELETE NO ACTION ON UPDATE NO ACTION,
  CONSTRAINT `tfstate_attribute_parameter` FOREIGN KEY (`parameter`) REFERENCES `parameter` (`id`),
  CONSTRAINT `tfstate_attribute_relative_parameter` FOREIGN KEY (`relative_parameter`) REFERENCES `parameter` (`id`) ON DELETE NO ACTION ON UPDATE NO ACTION,
  CONSTRAINT `tfstate_attribute_relative_source` FOREIGN KEY (`relative_source`) REFERENCES `source` (`id`) ON DELETE NO ACTION ON UPDATE NO ACTION,
  CONSTRAINT `tfstate_attribute_source` FOREIGN KEY (`source`) REFERENCES `source` (`id`)
) ENGINE=InnoDB DEFAULT CHARSET=utf8 COMMENT='记录 Terraform action 输出的参数字段';


SET FOREIGN_KEY_CHECKS=1;


#@v0.5.0-begin@;
SET FOREIGN_KEY_CHECKS=0;

INSERT INTO `interface` VALUES ('60f785761e014384544ff031052515c5','apply','60f6718212d3163a1b9708c8289547f7','应用region','2021-07-21 10:24:54','admin','2021-09-26 14:20:05','admin'),('60f785cbea4305a9c71fd34eab35e745','destroy','60f6718212d3163a1b9708c8289547f7','取消region应用','2021-07-21 10:26:19','admin','2021-09-26 14:20:05','admin'),('60f786223650a50e542e4d499eb7c50a','apply','60f78614f803cffba724c6f541518cbf','应用zone','2021-07-21 10:27:46','admin','2021-09-26 14:20:05','admin'),('60f7863696e0de6e627b74c3d69f19fd','destroy','60f78614f803cffba724c6f541518cbf','取消zone应用','2021-07-21 10:28:06','admin','2021-09-26 14:20:05','admin'),('60f7866b0f881956374fdd7cfdb53e2a','apply','60f78644d0acbc22606537f71af49036','应用vpc','2021-07-21 10:28:59','admin','2021-09-26 14:20:05','admin'),('60f7867b94e465657397ea2d7bd0de5a','query','60f78644d0acbc22606537f71af49036','查询vpc','2021-07-21 10:29:15','admin','2021-09-26 14:20:05','admin'),('60f7868c4af07f022ae40164708e188c','destroy','60f78644d0acbc22606537f71af49036','销毁vpc','2021-07-21 10:29:32','admin','2021-09-26 14:20:05','admin'),('60f786f3991905385cfd836e20fc6c52','apply','60f786de13782f321bf6df70a76b6f56','应用route_table','2021-07-21 10:31:15','admin','2021-09-26 14:20:05','admin'),('60f78711ab326b3c8b612f76c56b5724','query','60f786de13782f321bf6df70a76b6f56','查询route_table','2021-07-21 10:31:45','admin','2021-09-26 14:20:05','admin'),('60f7872becb493c04bcb17fa43bb040f','destroy','60f786de13782f321bf6df70a76b6f56','销毁route_table','2021-07-21 10:32:11','admin','2021-09-26 14:20:05','admin'),('60f787849f0332bf0f6468742a626e9d','apply','60f7877327e3ff2b398d1d28c375d10b','应用route_rule','2021-07-21 10:33:40','admin','2021-09-26 14:20:05','admin'),('60f78793a90cbbc325eee8476b778cd7','query','60f7877327e3ff2b398d1d28c375d10b','查询route_rule','2021-07-21 10:33:55','admin','2021-09-26 14:20:05','admin'),('60f787abdc62334a67f08253d8d45cdd','destroy','60f7877327e3ff2b398d1d28c375d10b','销毁route_rule','2021-07-21 10:34:19','admin','2021-09-26 14:20:05','admin'),('60f787d9511e835b398629070e1b9b95','apply','60f787c4425ff29a244b51bf3e231314','应用security_group','2021-07-21 10:35:05','admin','2021-09-26 14:20:05','admin'),('60f787f3340394bb83f0a847de6f7f00','query','60f787c4425ff29a244b51bf3e231314','查询security_group','2021-07-21 10:35:31','admin','2021-09-26 14:20:05','admin'),('60f78810668f83f99b61c6c62ee8751a','destroy','60f787c4425ff29a244b51bf3e231314','销毁security_group','2021-07-21 10:36:00','admin','2021-09-26 14:20:05','admin'),('60f7883a940eccaef9ade417d8ae6c34','apply','60f788242c832bc404a53a8e7c7b7981','应用security_rule','2021-07-21 10:36:42','admin','2021-09-26 14:20:05','admin'),('60f7884f61d5516aeafec614cdd4ce78','query','60f788242c832bc404a53a8e7c7b7981','查询security_rule','2021-07-21 10:37:03','admin','2021-09-26 14:20:05','admin'),('60f788645e7654979ebdf3bf4048f8f1','destroy','60f788242c832bc404a53a8e7c7b7981','销毁security_rule','2021-07-21 10:37:24','admin','2021-09-26 14:20:05','admin'),('60f7889e8833ce91de046154756a17e6','apply','60f7888f699e2f454b2bbc25b8c12a14','应用subnet','2021-07-21 10:38:22','admin','2021-09-26 14:20:05','admin'),('60f788a936131fbe52aea7a273d5457a','query','60f7888f699e2f454b2bbc25b8c12a14','查询subnet','2021-07-21 10:38:33','admin','2021-09-26 14:20:05','admin'),('60f788b924ec5fceda07c38247795c68','destroy','60f7888f699e2f454b2bbc25b8c12a14','销毁subnet','2021-07-21 10:38:49','admin','2021-09-26 14:20:05','admin'),('60f788dde519fa82e00cd5cbf4811cb6','apply','60f788cfbfba6bf46b4418ea1f99ee6a','应用eip','2021-07-21 10:39:25','admin','2021-09-26 14:20:05','admin'),('60f788e683c98f6b85f707821ac9d5a2','query','60f788cfbfba6bf46b4418ea1f99ee6a','查询eip','2021-07-21 10:39:34','admin','2021-09-26 14:20:05','admin'),('60f788f0e3f7e473a756ba87cc3b6846','destroy','60f788cfbfba6bf46b4418ea1f99ee6a','销毁eip','2021-07-21 10:39:44','admin','2021-09-26 14:20:05','admin'),('60f79225ca7ed43a605c2ab13c8d10f0','apply','60f791f853a197548a756d35d4b95120','应用vpc_peer','2021-07-21 11:19:01','admin','2021-09-26 14:20:05','admin'),('60f79242a7c2c57819563fd20bee060f','query','60f791f853a197548a756d35d4b95120','查询vpc_peer','2021-07-21 11:19:30','admin','2021-09-26 14:20:05','admin'),('60f792515b07d8a532c622c1b32eb60b','destroy','60f791f853a197548a756d35d4b95120','销毁vpc_peer','2021-07-21 11:19:45','admin','2021-09-26 14:20:05','admin'),('60f79293acabc0dc9d6f64e6937c862b','apply','60f7927e1e16614358cdafd6d31fd932','应用nat_gateway','2021-07-21 11:20:51','admin','2021-09-26 14:20:05','admin'),('60f792ac09ebde0d1df1ed7e147ad0ee','query','60f7927e1e16614358cdafd6d31fd932','查询nat_gateway','2021-07-21 11:21:16','admin','2021-09-26 14:20:05','admin'),('60f792bd28f80f1e77ac7d61ed333ed4','destroy','60f7927e1e16614358cdafd6d31fd932','销毁nat_gateway','2021-07-21 11:21:33','admin','2021-09-26 14:20:05','admin'),('60f7976e46ea13e6886c88f7a4575995','apply','60f7973dccd73f6d2cc61b964d5713d7','应用ccn','2021-07-21 11:41:34','admin','2021-09-26 14:20:05','admin'),('60f79781ccdf3ae796f5f13e3d0f78dc','query','60f7973dccd73f6d2cc61b964d5713d7','查询ccn','2021-07-21 11:41:53','admin','2021-09-26 14:20:05','admin'),('60f7978dbf87c4faa2e25a06b17a33c5','destroy','60f7973dccd73f6d2cc61b964d5713d7','销毁ccn','2021-07-21 11:42:05','admin','2021-09-26 14:20:05','admin'),('60f797b3490aa9b2ea2599cfe820f8ec','apply','60f7979a5bf907995d86d74fda7bb179','应用ccn_attach','2021-07-21 11:42:43','admin','2021-09-26 14:20:05','admin'),('60f797c7857af8e0f478d294f71afd33','query','60f7979a5bf907995d86d74fda7bb179','查询ccn_attach','2021-07-21 11:43:03','admin','2021-09-26 14:20:05','admin'),('60f797d61be6750d00506624f74dc685','destroy','60f7979a5bf907995d86d74fda7bb179','销毁ccn_attach','2021-07-21 11:43:18','admin','2021-09-26 14:20:05','admin'),('60f7980e5c77cf2155f66baa345eaeb0','apply','60f797fc303253e53fbadbffe933cb1d','应用cvm','2021-07-21 11:44:14','admin','2021-09-26 14:20:05','admin'),('60f7981980a0f351bf143e54638712fd','query','60f797fc303253e53fbadbffe933cb1d','查询cvm','2021-07-21 11:44:25','admin','2021-09-26 14:20:05','admin'),('60f7982fc05facd0c5a4d740fdfb54b3','destroy','60f797fc303253e53fbadbffe933cb1d','销户cvm','2021-07-21 11:44:47','admin','2021-09-26 14:20:05','admin'),('60f7994873cd0069391acfa760d845d6','apply','60f79929f771e2324ce65e9e78b7e5a7','应用mysql','2021-07-21 11:49:28','admin','2021-09-26 14:20:05','admin'),('60f79954846703e55eb2c6d27214263e','query','60f79929f771e2324ce65e9e78b7e5a7','查询mysql','2021-07-21 11:49:40','admin','2021-09-26 14:20:05','admin'),('60f799638a1de59efe3044803c1123e7','destroy','60f79929f771e2324ce65e9e78b7e5a7','销毁mysql','2021-07-21 11:49:55','admin','2021-09-26 14:20:05','admin'),('60f7997f2c7a8db75208a689c6274741','apply','60f7996f2f7db12561f72efcc5000d23','应用clb','2021-07-21 11:50:23','admin','2021-09-26 14:20:05','admin'),('60f799882c7bc6eb181c55fa7641f77d','query','60f7996f2f7db12561f72efcc5000d23','查询clb','2021-07-21 11:50:32','admin','2021-09-26 14:20:05','admin'),('60f799948c997bc7a983290503becc09','destroy','60f7996f2f7db12561f72efcc5000d23','销毁clb','2021-07-21 11:50:44','admin','2021-09-26 14:20:05','admin'),('60f79ae58a9f39aab30b9bb2e78e2614','apply','60f79ad469a595cc2fc3e68b9d759012','应用clb_listener','2021-07-21 11:56:21','admin','2021-09-26 14:20:05','admin'),('60f79af7f8a0afae7bb34b1f7b436013','query','60f79ad469a595cc2fc3e68b9d759012','查询clb_listener','2021-07-21 11:56:39','admin','2021-09-26 14:20:05','admin'),('60f79b158fe986ce5d2ecb27e93c7a21','destroy','60f79ad469a595cc2fc3e68b9d759012','销户clb_listener','2021-07-21 11:57:09','admin','2021-09-26 14:20:05','admin'),('60f7b8634e4ad2c01e5d7cd6aab92241','apply','60f79bb264821240fbe7cef628064ca7','应用resoucre_group','2021-07-21 14:02:11','admin','2021-09-26 14:20:05','admin'),('60f7b87977699ec19aa9d8c2c1ce654b','query','60f79bb264821240fbe7cef628064ca7','查询resource_group','2021-07-21 14:02:33','admin','2021-09-26 14:20:05','admin'),('60f7b89527636a94d92a6aa627077d30','destroy','60f79bb264821240fbe7cef628064ca7','销毁resource_group','2021-07-21 14:03:01','admin','2021-09-26 14:20:05','admin'),('60f7c0a2fec2e469966b10dadb07706b','apply','60f7c0973b48d3820b8fc810525ff9f6','应用cos','2021-07-21 14:37:22','admin','2021-09-26 14:20:05','admin'),('60f7c0abb5416cf9f915a762d3ced46d','query','60f7c0973b48d3820b8fc810525ff9f6','查询cos','2021-07-21 14:37:31','admin','2021-09-26 14:20:05','admin'),('60f7c0b59f69c1bdd0c2f31229d0797a','destroy','60f7c0973b48d3820b8fc810525ff9f6','销毁cos','2021-07-21 14:37:41','admin','2021-09-26 14:20:05','admin'),('60f7c634a4e9e01754f33380241c526c','apply','60f7c614ca1a8718e39e462dc51eb7f3','应用cos_user','2021-07-21 15:01:08','admin','2021-09-26 14:20:05','admin'),('60f7c641451222f0f6fd9cd189b34d3c','query','60f7c614ca1a8718e39e462dc51eb7f3','查询cos_user','2021-07-21 15:01:21','admin','2021-09-26 14:20:05','admin'),('60f7c6525453dbda25ee78197af03237','destroy','60f7c614ca1a8718e39e462dc51eb7f3','销毁cos_user','2021-07-21 15:01:38','admin','2021-09-26 14:20:05','admin'),('60f8ed62d9d7c2e871309698f45a7dce','apply','60f8297a0a8c626c6b532237b8e2e9f2','应用disk','2021-07-22 12:00:34','admin','2021-09-26 14:20:05','admin'),('60f8ed6dacb56bc8c2c4bc81e643d513','query','60f8297a0a8c626c6b532237b8e2e9f2','查询disk','2021-07-22 12:00:45','admin','2021-09-26 14:20:05','admin'),('60f8ed798aedc1431cd825e500601a34','destroy','60f8297a0a8c626c6b532237b8e2e9f2','销毁disk','2021-07-22 12:00:57','admin','2021-09-26 14:20:05','admin'),('60fe16f95e62032566847a42b58a9504','apply','60fe16d593da63e85536b11815f37ba1','应用clb_forward','2021-07-26 09:59:21','admin','2021-09-26 14:20:05','admin'),('60fe171353729f85905d6f77e10eecdb','query','60fe16d593da63e85536b11815f37ba1','查询clb_forward','2021-07-26 09:59:47','admin','2021-09-26 14:20:05','admin'),('60fe1724ba1ff4be3590d9b45576bcf9','destroy','60fe16d593da63e85536b11815f37ba1','销毁clb_forward','2021-07-26 10:00:04','admin','2021-09-26 14:20:05','admin'),('6108ed38e9c4eb387511c10093466ba7','query','6108eb5bedac3464947a604bdf602256','查询clb_target_group','2021-08-03 15:16:08','admin','2021-09-26 14:20:05','admin'),('6108ed4c81b2ab29e3e51c96e5e461f1','destroy','6108eb5bedac3464947a604bdf602256','销毁clb_target_group','2021-08-03 15:16:28','admin','2021-09-26 14:20:05','admin'),('6108ed642d96860815e16c4ccc8fcdf8','apply','6108eb5bedac3464947a604bdf602256','应用target_group','2021-08-03 15:16:52','admin','2021-09-26 14:20:05','admin'),('610a0610fcc9879591e9fc40ac056af6','apply','610a06014b17ac5077b746611a24356b','应用redis','2021-08-04 11:14:24','admin','2021-09-26 14:20:05','admin'),('610a06237bf7950e61c7811d6696ae6a','query','610a06014b17ac5077b746611a24356b','查询redis','2021-08-04 11:14:43','admin','2021-09-26 14:20:05','admin'),('610a063c1d3712fbaaca61e8c2fdf658','destroy','610a06014b17ac5077b746611a24356b','销毁redis','2021-08-04 11:15:08','admin','2021-09-26 14:20:05','admin'),('611dd2acee4a0f80c1230c1585baad11','apply','611dd2a1e43b16e3b543524779985ed1','','2021-08-19 11:40:28','admin','2021-09-26 14:20:05','admin'),('611dd2b4481ea223d9f7c497cacdef50','destroy','611dd2a1e43b16e3b543524779985ed1','','2021-08-19 11:40:36','admin','2021-09-26 14:20:05','admin'),('611dd2b9089053e588e7f6799c3fc4bf','query','611dd2a1e43b16e3b543524779985ed1','','2021-08-19 11:40:41','admin','2021-09-26 14:20:05','admin'),('61235b3e84b845a8d8c3f7c7454bc0cf','apply','61235b3426bd97686748b60957eede4d','','2021-08-23 16:24:30','admin','2021-09-26 14:20:05','admin'),('61235b43842013b5ddc47f14fd46f5dc','query','61235b3426bd97686748b60957eede4d','','2021-08-23 16:24:35','admin','2021-09-26 14:20:05','admin'),('61235b4ac555b13453d6998a133f958c','destroy','61235b3426bd97686748b60957eede4d','','2021-08-23 16:24:42','admin','2021-09-26 14:20:05','admin');

INSERT INTO `parameter` VALUES ('60f78576365d24e7630c5c3b9caa54a9','provider_info','input','N','60f785761e014384544ff031052515c5',NULL,'string',NULL,'2021-07-21 10:24:54','admin','2021-09-26 14:20:05','admin','system','N','N'),('60f785764c087f7b9d2d0efa929f575d','asset_id','input','N','60f785761e014384544ff031052515c5',NULL,'string',NULL,'2021-07-21 10:24:54','admin','2021-09-26 14:20:05','admin','system','N','N'),('60f7857669a8d2b4c621ab5a98e387ee','asset_id','output','N','60f785761e014384544ff031052515c5',NULL,'string',NULL,'2021-07-21 10:24:54','admin','2021-09-26 14:20:05','admin','system','N','N'),('60f78576a6cece45c833f1b1275a6962','id','input','N','60f785761e014384544ff031052515c5',NULL,'string',NULL,'2021-07-21 10:24:54','admin','2021-09-26 14:20:05','admin','system','N','N'),('60f78576b9d7831317ff5c82b584f876','id','output','N','60f785761e014384544ff031052515c5',NULL,'string',NULL,'2021-07-21 10:24:54','admin','2021-09-26 14:20:05','admin','system','N','N'),('60f78576f3bd484b35224c4a626ebd75','region_id','input','N','60f785761e014384544ff031052515c5',NULL,'string',NULL,'2021-07-21 10:24:54','admin','2021-09-26 14:20:05','admin','system','N','N'),('60f785cb0ffade93fa740503c1e84621','id','input','N','60f785cbea4305a9c71fd34eab35e745',NULL,'string',NULL,'2021-07-21 10:26:19','admin','2021-09-26 14:20:05','admin','system','N','N'),('60f785cbc95d2f1323a5864fde457050','region_id','input','N','60f785cbea4305a9c71fd34eab35e745',NULL,'string',NULL,'2021-07-21 10:26:19','admin','2021-09-26 14:20:05','admin','system','N','N'),('60f785cbda530421a2bf777e5490fa6c','provider_info','input','N','60f785cbea4305a9c71fd34eab35e745',NULL,'string',NULL,'2021-07-21 10:26:19','admin','2021-09-26 14:20:05','admin','system','N','N'),('60f785cbfc9fb3a274120af42e0f4af4','id','output','N','60f785cbea4305a9c71fd34eab35e745',NULL,'string',NULL,'2021-07-21 10:26:19','admin','2021-09-26 14:20:05','admin','system','N','N'),('60f786223f4ffeb1acfe153129734902','region_id','input','N','60f786223650a50e542e4d499eb7c50a',NULL,'string',NULL,'2021-07-21 10:27:46','admin','2021-09-26 14:20:05','admin','system','N','N'),('60f78622542d07451106d52640f96902','asset_id','output','N','60f786223650a50e542e4d499eb7c50a',NULL,'string',NULL,'2021-07-21 10:27:46','admin','2021-09-26 14:20:05','admin','system','N','N'),('60f78622587e006d58f9b79d4ca8c0b2','id','output','N','60f786223650a50e542e4d499eb7c50a',NULL,'string',NULL,'2021-07-21 10:27:46','admin','2021-09-26 14:20:05','admin','system','N','N'),('60f7862264daec888fbc57b7e99df607','asset_id','input','N','60f786223650a50e542e4d499eb7c50a',NULL,'string',NULL,'2021-07-21 10:27:46','admin','2021-09-26 14:20:05','admin','system','N','N'),('60f78622b003a04ffb24b8c5c552b0af','provider_info','input','N','60f786223650a50e542e4d499eb7c50a',NULL,'string',NULL,'2021-07-21 10:27:46','admin','2021-09-26 14:20:05','admin','system','N','N'),('60f78622cabadfb52d0931093185428e','id','input','N','60f786223650a50e542e4d499eb7c50a',NULL,'string',NULL,'2021-07-21 10:27:46','admin','2021-09-26 14:20:05','admin','system','N','N'),('60f786365b9750960fed47ab1a1fbc1b','id','output','N','60f7863696e0de6e627b74c3d69f19fd',NULL,'string',NULL,'2021-07-21 10:28:06','admin','2021-09-26 14:20:05','admin','system','N','N'),('60f7863679666af137dbcd783f2c1d28','id','input','N','60f7863696e0de6e627b74c3d69f19fd',NULL,'string',NULL,'2021-07-21 10:28:06','admin','2021-09-26 14:20:05','admin','system','N','N'),('60f78636bf664eaa3479bf8634d64818','region_id','input','N','60f7863696e0de6e627b74c3d69f19fd',NULL,'string',NULL,'2021-07-21 10:28:06','admin','2021-09-26 14:20:05','admin','system','N','N'),('60f78636c2ff212e3e8485d0a6a52dfc','provider_info','input','N','60f7863696e0de6e627b74c3d69f19fd',NULL,'string',NULL,'2021-07-21 10:28:06','admin','2021-09-26 14:20:05','admin','system','N','N'),('60f7866b6299a3f03703e79c1851fd98','provider_info','input','N','60f7866b0f881956374fdd7cfdb53e2a',NULL,'string',NULL,'2021-07-21 10:28:59','admin','2021-09-26 14:20:05','admin','system','N','N'),('60f7866b8a4ed27223ca64d5a0ac5c87','id','output','N','60f7866b0f881956374fdd7cfdb53e2a',NULL,'string',NULL,'2021-07-21 10:28:59','admin','2021-09-26 14:20:05','admin','system','N','N'),('60f7866b8ea452ee71a33ddf8c1b2b3b','id','input','N','60f7866b0f881956374fdd7cfdb53e2a',NULL,'string',NULL,'2021-07-21 10:28:59','admin','2021-09-26 14:20:05','admin','system','N','N'),('60f7866ba671a9dc6fc5dcb230bbd534','asset_id','output','N','60f7866b0f881956374fdd7cfdb53e2a',NULL,'string',NULL,'2021-07-21 10:28:59','admin','2021-09-26 14:20:05','admin','system','N','N'),('60f7866bc0a51ed0ec47ec4676b41f37','asset_id','input','N','60f7866b0f881956374fdd7cfdb53e2a',NULL,'string',NULL,'2021-07-21 10:28:59','admin','2021-09-26 14:20:05','admin','system','N','N'),('60f7866bc7cb9203c05d5ff2cd2745be','region_id','input','N','60f7866b0f881956374fdd7cfdb53e2a',NULL,'string',NULL,'2021-07-21 10:28:59','admin','2021-09-26 14:20:05','admin','system','N','N'),('60f7867b2b02f2f8251bf661f8341887','id','input','N','60f7867b94e465657397ea2d7bd0de5a',NULL,'string',NULL,'2021-07-21 10:29:15','admin','2021-09-26 14:20:05','admin','system','Y','N'),('60f7867b60d1da352f0f479e173e333b','asset_id','input','N','60f7867b94e465657397ea2d7bd0de5a',NULL,'string',NULL,'2021-07-21 10:29:15','admin','2021-09-26 14:20:05','admin','system','Y','N'),('60f7867b93a2bcff4cd8e7ccfd1e443d','provider_info','input','N','60f7867b94e465657397ea2d7bd0de5a',NULL,'string',NULL,'2021-07-21 10:29:15','admin','2021-09-26 14:20:05','admin','system','N','N'),('60f7867b96441143f1d378d9f22b5569','id','output','N','60f7867b94e465657397ea2d7bd0de5a',NULL,'string',NULL,'2021-07-21 10:29:15','admin','2021-09-26 14:20:05','admin','system','Y','N'),('60f7867badce851dd90ac4e810ace503','region_id','input','N','60f7867b94e465657397ea2d7bd0de5a',NULL,'string',NULL,'2021-07-21 10:29:15','admin','2021-09-26 14:20:05','admin','system','N','N'),('60f7867bf82bae8217a037506266360f','asset_id','output','N','60f7867b94e465657397ea2d7bd0de5a',NULL,'string',NULL,'2021-07-21 10:29:15','admin','2021-09-26 14:20:05','admin','system','N','N'),('60f7868c1886ad2bb13077a78ea0b446','id','input','N','60f7868c4af07f022ae40164708e188c',NULL,'string',NULL,'2021-07-21 10:29:32','admin','2021-09-26 14:20:05','admin','system','N','N'),('60f7868c2946a7bd1de87369a13309a0','provider_info','input','N','60f7868c4af07f022ae40164708e188c',NULL,'string',NULL,'2021-07-21 10:29:32','admin','2021-09-26 14:20:05','admin','system','N','N'),('60f7868c70f76591e93114297f27cecc','id','output','N','60f7868c4af07f022ae40164708e188c',NULL,'string',NULL,'2021-07-21 10:29:32','admin','2021-09-26 14:20:05','admin','system','N','N'),('60f7868cb1a73589847ede65b448dd2a','region_id','input','N','60f7868c4af07f022ae40164708e188c',NULL,'string',NULL,'2021-07-21 10:29:32','admin','2021-09-26 14:20:05','admin','system','N','N'),('60f786f3087f950518b6a672486d4f0c','region_id','input','N','60f786f3991905385cfd836e20fc6c52',NULL,'string',NULL,'2021-07-21 10:31:15','admin','2021-09-26 14:20:05','admin','system','N','N'),('60f786f340eefc758257781f6c299f11','provider_info','input','N','60f786f3991905385cfd836e20fc6c52',NULL,'string',NULL,'2021-07-21 10:31:15','admin','2021-09-26 14:20:05','admin','system','N','N'),('60f786f34420d9a6e781ccc251b4a20b','id','input','N','60f786f3991905385cfd836e20fc6c52',NULL,'string',NULL,'2021-07-21 10:31:15','admin','2021-09-26 14:20:05','admin','system','N','N'),('60f786f3743af8290a4a114a842607ee','asset_id','input','N','60f786f3991905385cfd836e20fc6c52',NULL,'string',NULL,'2021-07-21 10:31:15','admin','2021-09-26 14:20:05','admin','system','N','N'),('60f786f39e0f6050fb4cd21f6ca2da4b','id','output','N','60f786f3991905385cfd836e20fc6c52',NULL,'string',NULL,'2021-07-21 10:31:15','admin','2021-09-26 14:20:05','admin','system','N','N'),('60f786f3fb43c8c7653ed1272d9a560a','asset_id','output','N','60f786f3991905385cfd836e20fc6c52',NULL,'string',NULL,'2021-07-21 10:31:15','admin','2021-09-26 14:20:05','admin','system','N','N'),('60f7871126852f0f2f3660cea0839b7c','asset_id','output','N','60f78711ab326b3c8b612f76c56b5724',NULL,'string',NULL,'2021-07-21 10:31:45','admin','2021-09-26 14:20:05','admin','system','N','N'),('60f7871129ccdc2176a61faa87491c2b','region_id','input','N','60f78711ab326b3c8b612f76c56b5724',NULL,'string',NULL,'2021-07-21 10:31:45','admin','2021-09-26 14:20:05','admin','system','N','N'),('60f7871175aff617195713ca4749eaf0','asset_id','input','N','60f78711ab326b3c8b612f76c56b5724',NULL,'string',NULL,'2021-07-21 10:31:45','admin','2021-09-26 14:20:05','admin','system','Y','N'),('60f787117b426dd50dd4192e8e9d5ee2','id','input','N','60f78711ab326b3c8b612f76c56b5724',NULL,'string',NULL,'2021-07-21 10:31:45','admin','2021-09-26 14:20:05','admin','system','Y','N'),('60f78711a661dca9dea4cfd1035488df','id','output','N','60f78711ab326b3c8b612f76c56b5724',NULL,'string',NULL,'2021-07-21 10:31:45','admin','2021-09-26 14:20:05','admin','system','Y','N'),('60f78711c93a06ebcddd872a7207bf1b','provider_info','input','N','60f78711ab326b3c8b612f76c56b5724',NULL,'string',NULL,'2021-07-21 10:31:45','admin','2021-09-26 14:20:05','admin','system','N','N'),('60f7872b316c5ae03062c4c95b0c541a','region_id','input','N','60f7872becb493c04bcb17fa43bb040f',NULL,'string',NULL,'2021-07-21 10:32:11','admin','2021-09-26 14:20:05','admin','system','N','N'),('60f7872bb630bde8c91d2ba6b4326666','id','input','N','60f7872becb493c04bcb17fa43bb040f',NULL,'string',NULL,'2021-07-21 10:32:11','admin','2021-09-26 14:20:05','admin','system','N','N'),('60f7872bba74d0b8c573cec9ee3a46f3','id','output','N','60f7872becb493c04bcb17fa43bb040f',NULL,'string',NULL,'2021-07-21 10:32:11','admin','2021-09-26 14:20:05','admin','system','N','N'),('60f7872bcc5663c9f76906b519a2ba10','provider_info','input','N','60f7872becb493c04bcb17fa43bb040f',NULL,'string',NULL,'2021-07-21 10:32:11','admin','2021-09-26 14:20:05','admin','system','N','N'),('60f7878436ff066072d398f29a52f1aa','region_id','input','N','60f787849f0332bf0f6468742a626e9d',NULL,'string',NULL,'2021-07-21 10:33:40','admin','2021-09-26 14:20:05','admin','system','N','N'),('60f787843c1c1dcdc41dc5e4fd7274e5','asset_id','input','N','60f787849f0332bf0f6468742a626e9d',NULL,'string',NULL,'2021-07-21 10:33:40','admin','2021-09-26 14:20:05','admin','system','N','N'),('60f7878447c748e5308faa51a4d36557','provider_info','input','N','60f787849f0332bf0f6468742a626e9d',NULL,'string',NULL,'2021-07-21 10:33:40','admin','2021-09-26 14:20:05','admin','system','N','N'),('60f7878449275acfa0a5e709c55ca8ee','id','output','N','60f787849f0332bf0f6468742a626e9d',NULL,'string',NULL,'2021-07-21 10:33:40','admin','2021-09-26 14:20:05','admin','system','N','N'),('60f78784c229e936583dc45a993fe445','asset_id','output','N','60f787849f0332bf0f6468742a626e9d',NULL,'string',NULL,'2021-07-21 10:33:40','admin','2021-09-26 14:20:05','admin','system','N','N'),('60f78784ca269de68b1d65fc3a0afc0b','id','input','N','60f787849f0332bf0f6468742a626e9d',NULL,'string',NULL,'2021-07-21 10:33:40','admin','2021-09-26 14:20:05','admin','system','N','N'),('60f787930e5af24a4272babb814b44d9','id','input','N','60f78793a90cbbc325eee8476b778cd7',NULL,'string',NULL,'2021-07-21 10:33:55','admin','2021-09-26 14:20:05','admin','system','Y','N'),('60f78793604191a5dd6223506a8e52ff','region_id','input','N','60f78793a90cbbc325eee8476b778cd7',NULL,'string',NULL,'2021-07-21 10:33:55','admin','2021-09-26 14:20:05','admin','system','N','N'),('60f78793921e0ae87877b1984a9a4fb2','id','output','N','60f78793a90cbbc325eee8476b778cd7',NULL,'string',NULL,'2021-07-21 10:33:55','admin','2021-09-26 14:20:05','admin','system','Y','N'),('60f78793ad74a14eb9fb1de9fceb387f','asset_id','output','N','60f78793a90cbbc325eee8476b778cd7',NULL,'string',NULL,'2021-07-21 10:33:55','admin','2021-09-26 14:20:05','admin','system','N','N'),('60f78793c79be757f5d16405d9eab55e','asset_id','input','N','60f78793a90cbbc325eee8476b778cd7',NULL,'string',NULL,'2021-07-21 10:33:55','admin','2021-09-26 14:20:05','admin','system','Y','N'),('60f78793fb3a01f0877fe188548c4076','provider_info','input','N','60f78793a90cbbc325eee8476b778cd7',NULL,'string',NULL,'2021-07-21 10:33:55','admin','2021-09-26 14:20:05','admin','system','N','N'),('60f787ab36926b9da50f64516ac199dc','id','input','N','60f787abdc62334a67f08253d8d45cdd',NULL,'string',NULL,'2021-07-21 10:34:19','admin','2021-09-26 14:20:05','admin','system','N','N'),('60f787ab55332f6a531379cc60d6db5b','region_id','input','N','60f787abdc62334a67f08253d8d45cdd',NULL,'string',NULL,'2021-07-21 10:34:19','admin','2021-09-26 14:20:05','admin','system','N','N'),('60f787ab6bc3c8e33587441e7c835c4a','provider_info','input','N','60f787abdc62334a67f08253d8d45cdd',NULL,'string',NULL,'2021-07-21 10:34:19','admin','2021-09-26 14:20:05','admin','system','N','N'),('60f787abc28406e8de05dce736fb283a','id','output','N','60f787abdc62334a67f08253d8d45cdd',NULL,'string',NULL,'2021-07-21 10:34:19','admin','2021-09-26 14:20:05','admin','system','N','N'),('60f787d911d0dcf3b409532673482ead','id','output','N','60f787d9511e835b398629070e1b9b95',NULL,'string',NULL,'2021-07-21 10:35:05','admin','2021-09-26 14:20:05','admin','system','N','N'),('60f787d941a2d39ce3480a85b0026f81','region_id','input','N','60f787d9511e835b398629070e1b9b95',NULL,'string',NULL,'2021-07-21 10:35:05','admin','2021-09-26 14:20:05','admin','system','N','N'),('60f787d986202c43579e60bf0b6a6b98','asset_id','output','N','60f787d9511e835b398629070e1b9b95',NULL,'string',NULL,'2021-07-21 10:35:05','admin','2021-09-26 14:20:05','admin','system','N','N'),('60f787d98e83f137ef6cef1067c7bb48','provider_info','input','N','60f787d9511e835b398629070e1b9b95',NULL,'string',NULL,'2021-07-21 10:35:05','admin','2021-09-26 14:20:05','admin','system','N','N'),('60f787d9a7a790da9dd5f89d8482626d','asset_id','input','N','60f787d9511e835b398629070e1b9b95',NULL,'string',NULL,'2021-07-21 10:35:05','admin','2021-09-26 14:20:05','admin','system','N','N'),('60f787d9d2cc09c70fe641a389f985ec','id','input','N','60f787d9511e835b398629070e1b9b95',NULL,'string',NULL,'2021-07-21 10:35:05','admin','2021-09-26 14:20:05','admin','system','N','N'),('60f787f3431e42d59859c69a1f306f4a','region_id','input','N','60f787f3340394bb83f0a847de6f7f00',NULL,'string',NULL,'2021-07-21 10:35:31','admin','2021-09-26 14:20:05','admin','system','N','N'),('60f787f3b176b1a361a3bed3b20a4cd8','asset_id','output','N','60f787f3340394bb83f0a847de6f7f00',NULL,'string',NULL,'2021-07-21 10:35:31','admin','2021-09-26 14:20:05','admin','system','N','N'),('60f787f3bf4f5d6cffa5bbc62c0db37a','provider_info','input','N','60f787f3340394bb83f0a847de6f7f00',NULL,'string',NULL,'2021-07-21 10:35:31','admin','2021-09-26 14:20:05','admin','system','N','N'),('60f787f3d28f87b70a3b5550562a5505','id','input','N','60f787f3340394bb83f0a847de6f7f00',NULL,'string',NULL,'2021-07-21 10:35:31','admin','2021-09-26 14:20:05','admin','system','Y','N'),('60f787f3ea99765a64ecd92aaeff45eb','id','output','N','60f787f3340394bb83f0a847de6f7f00',NULL,'string',NULL,'2021-07-21 10:35:31','admin','2021-09-26 14:20:05','admin','system','Y','N'),('60f787f3edab24447ead6c61c86d5a6c','asset_id','input','N','60f787f3340394bb83f0a847de6f7f00',NULL,'string',NULL,'2021-07-21 10:35:31','admin','2021-09-26 14:20:05','admin','system','Y','N'),('60f788106afc865600932556a8b4ca57','id','output','N','60f78810668f83f99b61c6c62ee8751a',NULL,'string',NULL,'2021-07-21 10:36:00','admin','2021-09-26 14:20:05','admin','system','N','N'),('60f78810856e40479bdd547b969167e6','provider_info','input','N','60f78810668f83f99b61c6c62ee8751a',NULL,'string',NULL,'2021-07-21 10:36:00','admin','2021-09-26 14:20:05','admin','system','N','N'),('60f78810b00716a404ffc8253c12d96c','region_id','input','N','60f78810668f83f99b61c6c62ee8751a',NULL,'string',NULL,'2021-07-21 10:36:00','admin','2021-09-26 14:20:05','admin','system','N','N'),('60f78810e5e27344d52efe452190359e','id','input','N','60f78810668f83f99b61c6c62ee8751a',NULL,'string',NULL,'2021-07-21 10:36:00','admin','2021-09-26 14:20:05','admin','system','N','N'),('60f7883a1578733efd088067ff136de7','asset_id','input','N','60f7883a940eccaef9ade417d8ae6c34',NULL,'string',NULL,'2021-07-21 10:36:42','admin','2021-09-26 14:20:05','admin','system','N','N'),('60f7883a1f77fe173cfa831feab35d9e','asset_id','output','N','60f7883a940eccaef9ade417d8ae6c34',NULL,'string',NULL,'2021-07-21 10:36:42','admin','2021-09-26 14:20:05','admin','system','N','N'),('60f7883a49399427ef9dc536042fa919','region_id','input','N','60f7883a940eccaef9ade417d8ae6c34',NULL,'string',NULL,'2021-07-21 10:36:42','admin','2021-09-26 14:20:05','admin','system','N','N'),('60f7883a7c9ef9d9f84820a3d1ca541b','id','output','N','60f7883a940eccaef9ade417d8ae6c34',NULL,'string',NULL,'2021-07-21 10:36:42','admin','2021-09-26 14:20:05','admin','system','N','N'),('60f7883a834d20ad237742eceb9ec403','provider_info','input','N','60f7883a940eccaef9ade417d8ae6c34',NULL,'string',NULL,'2021-07-21 10:36:42','admin','2021-09-26 14:20:05','admin','system','N','N'),('60f7883ac31bea897515331ef3537f84','id','input','N','60f7883a940eccaef9ade417d8ae6c34',NULL,'string',NULL,'2021-07-21 10:36:42','admin','2021-09-26 14:20:05','admin','system','N','N'),('60f7884f4d2af169094944740eb94c6e','region_id','input','N','60f7884f61d5516aeafec614cdd4ce78',NULL,'string',NULL,'2021-07-21 10:37:03','admin','2021-09-26 14:20:05','admin','system','N','N'),('60f7884f6aae7128358373c171165c95','asset_id','input','N','60f7884f61d5516aeafec614cdd4ce78',NULL,'string',NULL,'2021-07-21 10:37:03','admin','2021-09-26 14:20:05','admin','system','Y','N'),('60f7884f7491ce95053028fc571c3463','provider_info','input','N','60f7884f61d5516aeafec614cdd4ce78',NULL,'string',NULL,'2021-07-21 10:37:03','admin','2021-09-26 14:20:05','admin','system','N','N'),('60f7884f80b1bb52e49d7bb7db4a3204','id','input','N','60f7884f61d5516aeafec614cdd4ce78',NULL,'string',NULL,'2021-07-21 10:37:03','admin','2021-09-26 14:20:05','admin','system','Y','N'),('60f7884f93dd113129a58bd6df7227cd','id','output','N','60f7884f61d5516aeafec614cdd4ce78',NULL,'string',NULL,'2021-07-21 10:37:03','admin','2021-09-26 14:20:05','admin','system','Y','N'),('60f7884fa7ceca3f0f29abca5ea1d0f1','asset_id','output','N','60f7884f61d5516aeafec614cdd4ce78',NULL,'string',NULL,'2021-07-21 10:37:03','admin','2021-09-26 14:20:05','admin','system','N','N'),('60f788642ee2f075ea21d9a429520d4d','provider_info','input','N','60f788645e7654979ebdf3bf4048f8f1',NULL,'string',NULL,'2021-07-21 10:37:24','admin','2021-09-26 14:20:05','admin','system','N','N'),('60f78864ae808f056316a275c65cf5da','id','input','N','60f788645e7654979ebdf3bf4048f8f1',NULL,'string',NULL,'2021-07-21 10:37:24','admin','2021-09-26 14:20:05','admin','system','N','N'),('60f78864b263cdf02bcf572b727af28e','region_id','input','N','60f788645e7654979ebdf3bf4048f8f1',NULL,'string',NULL,'2021-07-21 10:37:24','admin','2021-09-26 14:20:05','admin','system','N','N'),('60f78864b64468e917150bdd83012695','id','output','N','60f788645e7654979ebdf3bf4048f8f1',NULL,'string',NULL,'2021-07-21 10:37:24','admin','2021-09-26 14:20:05','admin','system','N','N'),('60f7889e2c0ee3c781e42b4f4883ebb0','asset_id','output','N','60f7889e8833ce91de046154756a17e6',NULL,'string',NULL,'2021-07-21 10:38:22','admin','2021-09-26 14:20:05','admin','system','N','N'),('60f7889e4cf14f671c7a20ab8b551de4','asset_id','input','N','60f7889e8833ce91de046154756a17e6',NULL,'string',NULL,'2021-07-21 10:38:22','admin','2021-09-26 14:20:05','admin','system','N','N'),('60f7889ec1e7a13d5456f81bab044d25','provider_info','input','N','60f7889e8833ce91de046154756a17e6',NULL,'string',NULL,'2021-07-21 10:38:22','admin','2021-09-26 14:20:05','admin','system','N','N'),('60f7889eda82c124bedbdb06ea4795f2','id','input','N','60f7889e8833ce91de046154756a17e6',NULL,'string',NULL,'2021-07-21 10:38:22','admin','2021-09-26 14:20:05','admin','system','N','N'),('60f7889ee94bea891640d4434b08ce2b','id','output','N','60f7889e8833ce91de046154756a17e6',NULL,'string',NULL,'2021-07-21 10:38:22','admin','2021-09-26 14:20:05','admin','system','N','N'),('60f7889ef9eeef019fcef302b9deca74','region_id','input','N','60f7889e8833ce91de046154756a17e6',NULL,'string',NULL,'2021-07-21 10:38:22','admin','2021-09-26 14:20:05','admin','system','N','N'),('60f788a9213eb1300b7147a8121e91eb','provider_info','input','N','60f788a936131fbe52aea7a273d5457a',NULL,'string',NULL,'2021-07-21 10:38:33','admin','2021-09-26 14:20:05','admin','system','N','N'),('60f788a9228e3882cab452d29c66fcb7','id','output','N','60f788a936131fbe52aea7a273d5457a',NULL,'string',NULL,'2021-07-21 10:38:33','admin','2021-09-26 14:20:05','admin','system','Y','N'),('60f788a98e6946601513cd69de8f0acf','asset_id','input','N','60f788a936131fbe52aea7a273d5457a',NULL,'string',NULL,'2021-07-21 10:38:33','admin','2021-09-26 14:20:05','admin','system','Y','N'),('60f788a990ee3b55b559b92eda8e4e3e','id','input','N','60f788a936131fbe52aea7a273d5457a',NULL,'string',NULL,'2021-07-21 10:38:33','admin','2021-09-26 14:20:05','admin','system','Y','N'),('60f788a9ddef9ff3b7063fe4c6dd8894','asset_id','output','N','60f788a936131fbe52aea7a273d5457a',NULL,'string',NULL,'2021-07-21 10:38:33','admin','2021-09-26 14:20:05','admin','system','N','N'),('60f788a9f484a3fcd0f6137401a513d6','region_id','input','N','60f788a936131fbe52aea7a273d5457a',NULL,'string',NULL,'2021-07-21 10:38:33','admin','2021-09-26 14:20:05','admin','system','N','N'),('60f788b959f527d07cfddb2a626205a6','region_id','input','N','60f788b924ec5fceda07c38247795c68',NULL,'string',NULL,'2021-07-21 10:38:49','admin','2021-09-26 14:20:05','admin','system','N','N'),('60f788b998fda583d21bf9a427b3e5ac','id','output','N','60f788b924ec5fceda07c38247795c68',NULL,'string',NULL,'2021-07-21 10:38:49','admin','2021-09-26 14:20:05','admin','system','N','N'),('60f788b9e6c8842dc02664ca82327044','id','input','N','60f788b924ec5fceda07c38247795c68',NULL,'string',NULL,'2021-07-21 10:38:49','admin','2021-09-26 14:20:05','admin','system','N','N'),('60f788b9fcfb4b5c1c838f2e64413fae','provider_info','input','N','60f788b924ec5fceda07c38247795c68',NULL,'string',NULL,'2021-07-21 10:38:49','admin','2021-09-26 14:20:05','admin','system','N','N'),('60f788dd08b4e65fad89277f4be07c16','region_id','input','N','60f788dde519fa82e00cd5cbf4811cb6',NULL,'string',NULL,'2021-07-21 10:39:25','admin','2021-09-26 14:20:05','admin','system','N','N'),('60f788dd11b996e9f51facc2fa459edb','asset_id','input','N','60f788dde519fa82e00cd5cbf4811cb6',NULL,'string',NULL,'2021-07-21 10:39:25','admin','2021-09-26 14:20:05','admin','system','N','N'),('60f788dd5a7b40591ec5cd335eb15bfc','asset_id','output','N','60f788dde519fa82e00cd5cbf4811cb6',NULL,'string',NULL,'2021-07-21 10:39:25','admin','2021-09-26 14:20:05','admin','system','N','N'),('60f788dd7159769b0be6ef1d262f6fb2','provider_info','input','N','60f788dde519fa82e00cd5cbf4811cb6',NULL,'string',NULL,'2021-07-21 10:39:25','admin','2021-09-26 14:20:05','admin','system','N','N'),('60f788ddd580725944cb79b3af3f6a32','id','output','N','60f788dde519fa82e00cd5cbf4811cb6',NULL,'string',NULL,'2021-07-21 10:39:25','admin','2021-09-26 14:20:05','admin','system','N','N'),('60f788ddfcfeb4076842292175efea70','id','input','N','60f788dde519fa82e00cd5cbf4811cb6',NULL,'string',NULL,'2021-07-21 10:39:25','admin','2021-09-26 14:20:05','admin','system','N','N'),('60f788e601cd64e034a1831c09f1a1db','asset_id','output','N','60f788e683c98f6b85f707821ac9d5a2',NULL,'string',NULL,'2021-07-21 10:39:34','admin','2021-09-26 14:20:05','admin','system','N','N'),('60f788e6265d5ddef054099a3f18d9fb','region_id','input','N','60f788e683c98f6b85f707821ac9d5a2',NULL,'string',NULL,'2021-07-21 10:39:34','admin','2021-09-26 14:20:05','admin','system','N','N'),('60f788e678a0b149348e7d9ea508a758','id','input','N','60f788e683c98f6b85f707821ac9d5a2',NULL,'string',NULL,'2021-07-21 10:39:34','admin','2021-09-26 14:20:05','admin','system','Y','N'),('60f788e696229ba31a49c1b33df23163','asset_id','input','N','60f788e683c98f6b85f707821ac9d5a2',NULL,'string',NULL,'2021-07-21 10:39:34','admin','2021-09-26 14:20:05','admin','system','Y','N'),('60f788e698bee67a92f0397d14c85c1a','id','output','N','60f788e683c98f6b85f707821ac9d5a2',NULL,'string',NULL,'2021-07-21 10:39:34','admin','2021-09-26 14:20:05','admin','system','Y','N'),('60f788e6fa3214275754e151530962d5','provider_info','input','N','60f788e683c98f6b85f707821ac9d5a2',NULL,'string',NULL,'2021-07-21 10:39:34','admin','2021-09-26 14:20:05','admin','system','N','N'),('60f788f0c4964f4b7f7c176778c8f34b','provider_info','input','N','60f788f0e3f7e473a756ba87cc3b6846',NULL,'string',NULL,'2021-07-21 10:39:44','admin','2021-09-26 14:20:05','admin','system','N','N'),('60f788f0cf046076b5acbaa44e06930a','id','input','N','60f788f0e3f7e473a756ba87cc3b6846',NULL,'string',NULL,'2021-07-21 10:39:44','admin','2021-09-26 14:20:05','admin','system','N','N'),('60f788f0f5bb7612b950c0b0825739cd','id','output','N','60f788f0e3f7e473a756ba87cc3b6846',NULL,'string',NULL,'2021-07-21 10:39:44','admin','2021-09-26 14:20:05','admin','system','N','N'),('60f788f0f6978d54a55d90a5ce6a5268','region_id','input','N','60f788f0e3f7e473a756ba87cc3b6846',NULL,'string',NULL,'2021-07-21 10:39:44','admin','2021-09-26 14:20:05','admin','system','N','N'),('60f7922512685547e860b610aca027d5','asset_id','input','N','60f79225ca7ed43a605c2ab13c8d10f0',NULL,'string',NULL,'2021-07-21 11:19:01','admin','2021-09-26 14:20:05','admin','system','N','N'),('60f792254ab414cde9d7d0afb9a01fb9','asset_id','output','N','60f79225ca7ed43a605c2ab13c8d10f0',NULL,'string',NULL,'2021-07-21 11:19:01','admin','2021-09-26 14:20:05','admin','system','N','N'),('60f792255ac6b4fe69ca783d0383748d','id','output','N','60f79225ca7ed43a605c2ab13c8d10f0',NULL,'string',NULL,'2021-07-21 11:19:01','admin','2021-09-26 14:20:05','admin','system','N','N'),('60f792256b72e27801367d3c64e26c62','id','input','N','60f79225ca7ed43a605c2ab13c8d10f0',NULL,'string',NULL,'2021-07-21 11:19:01','admin','2021-09-26 14:20:05','admin','system','N','N'),('60f79225b8a42eb347e585dd71b71b12','provider_info','input','N','60f79225ca7ed43a605c2ab13c8d10f0',NULL,'string',NULL,'2021-07-21 11:19:01','admin','2021-09-26 14:20:05','admin','system','N','N'),('60f79225ebe95e23c8ed8286f3a218a4','region_id','input','N','60f79225ca7ed43a605c2ab13c8d10f0',NULL,'string',NULL,'2021-07-21 11:19:01','admin','2021-09-26 14:20:05','admin','system','N','N'),('60f79242069341890bbd2c9c63a0bcae','provider_info','input','N','60f79242a7c2c57819563fd20bee060f',NULL,'string',NULL,'2021-07-21 11:19:30','admin','2021-09-26 14:20:05','admin','system','N','N'),('60f792420a512db3e2c57f98feafeeeb','region_id','input','N','60f79242a7c2c57819563fd20bee060f',NULL,'string',NULL,'2021-07-21 11:19:30','admin','2021-09-26 14:20:05','admin','system','N','N'),('60f7924225bd271ec9f25b4a08ec6c3d','id','input','N','60f79242a7c2c57819563fd20bee060f',NULL,'string',NULL,'2021-07-21 11:19:30','admin','2021-09-26 14:20:05','admin','system','Y','N'),('60f792422fdfb328eb472e6f37568a0e','asset_id','input','N','60f79242a7c2c57819563fd20bee060f',NULL,'string',NULL,'2021-07-21 11:19:30','admin','2021-09-26 14:20:05','admin','system','Y','N'),('60f79242b0df611e966e5ac1a7f7a563','id','output','N','60f79242a7c2c57819563fd20bee060f',NULL,'string',NULL,'2021-07-21 11:19:30','admin','2021-09-26 14:20:05','admin','system','Y','N'),('60f79242d51d3093793ee2b730d20bd6','asset_id','output','N','60f79242a7c2c57819563fd20bee060f',NULL,'string',NULL,'2021-07-21 11:19:30','admin','2021-09-26 14:20:05','admin','system','N','N'),('60f792514cb0d3dcf5db712538063d80','id','output','N','60f792515b07d8a532c622c1b32eb60b',NULL,'string',NULL,'2021-07-21 11:19:45','admin','2021-09-26 14:20:05','admin','system','N','N'),('60f792515f527477da08f306c3a01f6b','provider_info','input','N','60f792515b07d8a532c622c1b32eb60b',NULL,'string',NULL,'2021-07-21 11:19:45','admin','2021-09-26 14:20:05','admin','system','N','N'),('60f7925174da1fe00ecaf0d7033b05f4','id','input','N','60f792515b07d8a532c622c1b32eb60b',NULL,'string',NULL,'2021-07-21 11:19:45','admin','2021-09-26 14:20:05','admin','system','N','N'),('60f792518cf935889af56d6e6f4636e3','region_id','input','N','60f792515b07d8a532c622c1b32eb60b',NULL,'string',NULL,'2021-07-21 11:19:45','admin','2021-09-26 14:20:05','admin','system','N','N'),('60f79293057e4e4dd04035f77d6e228c','id','input','N','60f79293acabc0dc9d6f64e6937c862b',NULL,'string',NULL,'2021-07-21 11:20:51','admin','2021-09-26 14:20:05','admin','system','N','N'),('60f7929348497f9f9427399b357a177b','id','output','N','60f79293acabc0dc9d6f64e6937c862b',NULL,'string',NULL,'2021-07-21 11:20:51','admin','2021-09-26 14:20:05','admin','system','N','N'),('60f79293623a234b6dc646ec83e4d0ec','provider_info','input','N','60f79293acabc0dc9d6f64e6937c862b',NULL,'string',NULL,'2021-07-21 11:20:51','admin','2021-09-26 14:20:05','admin','system','N','N'),('60f7929363d91611a2301b75f15c6ce4','asset_id','input','N','60f79293acabc0dc9d6f64e6937c862b',NULL,'string',NULL,'2021-07-21 11:20:51','admin','2021-09-26 14:20:05','admin','system','N','N'),('60f79293c4af0b1a8cdcfb6e6b7318fc','asset_id','output','N','60f79293acabc0dc9d6f64e6937c862b',NULL,'string',NULL,'2021-07-21 11:20:51','admin','2021-09-26 14:20:05','admin','system','N','N'),('60f79293eafe4fbd7af391a174a0e8f1','region_id','input','N','60f79293acabc0dc9d6f64e6937c862b',NULL,'string',NULL,'2021-07-21 11:20:51','admin','2021-09-26 14:20:05','admin','system','N','N'),('60f792ac24acc9a421a2a2d8ceb927d0','asset_id','input','N','60f792ac09ebde0d1df1ed7e147ad0ee',NULL,'string',NULL,'2021-07-21 11:21:16','admin','2021-09-26 14:20:05','admin','system','Y','N'),('60f792ac414aaa02a1153bdf195971f8','region_id','input','N','60f792ac09ebde0d1df1ed7e147ad0ee',NULL,'string',NULL,'2021-07-21 11:21:16','admin','2021-09-26 14:20:05','admin','system','N','N'),('60f792ac6d3de3d16289d5994ff463c2','provider_info','input','N','60f792ac09ebde0d1df1ed7e147ad0ee',NULL,'string',NULL,'2021-07-21 11:21:16','admin','2021-09-26 14:20:05','admin','system','N','N'),('60f792ac962d2390dbf3d91acd60b241','id','output','N','60f792ac09ebde0d1df1ed7e147ad0ee',NULL,'string',NULL,'2021-07-21 11:21:16','admin','2021-09-26 14:20:05','admin','system','Y','N'),('60f792acc87adfc4679348382db984d5','asset_id','output','N','60f792ac09ebde0d1df1ed7e147ad0ee',NULL,'string',NULL,'2021-07-21 11:21:16','admin','2021-09-26 14:20:05','admin','system','N','N'),('60f792acedee604b65fe2666c6cf4e0e','id','input','N','60f792ac09ebde0d1df1ed7e147ad0ee',NULL,'string',NULL,'2021-07-21 11:21:16','admin','2021-09-26 14:20:05','admin','system','Y','N'),('60f792bdd019620e8e913dcc9dd0cde8','id','output','N','60f792bd28f80f1e77ac7d61ed333ed4',NULL,'string',NULL,'2021-07-21 11:21:33','admin','2021-09-26 14:20:05','admin','system','N','N'),('60f792bddf58c4cf2e9fdc962ffc2f9f','region_id','input','N','60f792bd28f80f1e77ac7d61ed333ed4',NULL,'string',NULL,'2021-07-21 11:21:33','admin','2021-09-26 14:20:05','admin','system','N','N'),('60f792bde562b61aaf87d2f503dfdef9','id','input','N','60f792bd28f80f1e77ac7d61ed333ed4',NULL,'string',NULL,'2021-07-21 11:21:33','admin','2021-09-26 14:20:05','admin','system','N','N'),('60f792bdeecc31894965e47d6c87f785','provider_info','input','N','60f792bd28f80f1e77ac7d61ed333ed4',NULL,'string',NULL,'2021-07-21 11:21:33','admin','2021-09-26 14:20:05','admin','system','N','N'),('60f7976e109df2d1930b0913de53475a','id','input','N','60f7976e46ea13e6886c88f7a4575995',NULL,'string',NULL,'2021-07-21 11:41:34','admin','2021-09-26 14:20:05','admin','system','N','N'),('60f7976e274461e5d4e92cc7d0a7a11a','region_id','input','N','60f7976e46ea13e6886c88f7a4575995',NULL,'string',NULL,'2021-07-21 11:41:34','admin','2021-09-26 14:20:05','admin','system','N','N'),('60f7976e73c0e658289958701746757e','id','output','N','60f7976e46ea13e6886c88f7a4575995',NULL,'string',NULL,'2021-07-21 11:41:34','admin','2021-09-26 14:20:05','admin','system','N','N'),('60f7976ebf9dd947b1bd98d1210e00c7','provider_info','input','N','60f7976e46ea13e6886c88f7a4575995',NULL,'string',NULL,'2021-07-21 11:41:34','admin','2021-09-26 14:20:05','admin','system','N','N'),('60f7976ed454cedc35dced01b9ec72cb','asset_id','output','N','60f7976e46ea13e6886c88f7a4575995',NULL,'string',NULL,'2021-07-21 11:41:34','admin','2021-09-26 14:20:05','admin','system','N','N'),('60f7976ee6e0ba6d3ebf094af4a97954','asset_id','input','N','60f7976e46ea13e6886c88f7a4575995',NULL,'string',NULL,'2021-07-21 11:41:34','admin','2021-09-26 14:20:05','admin','system','N','N'),('60f79781184943d6504647986c6b77ab','asset_id','output','N','60f79781ccdf3ae796f5f13e3d0f78dc',NULL,'string',NULL,'2021-07-21 11:41:53','admin','2021-09-26 14:20:05','admin','system','N','N'),('60f7978120b5f19d696f29a0e3c4621b','id','output','N','60f79781ccdf3ae796f5f13e3d0f78dc',NULL,'string',NULL,'2021-07-21 11:41:53','admin','2021-09-26 14:20:05','admin','system','Y','N'),('60f7978130ac0d158f073bf0be471250','id','input','N','60f79781ccdf3ae796f5f13e3d0f78dc',NULL,'string',NULL,'2021-07-21 11:41:53','admin','2021-09-26 14:20:05','admin','system','Y','N'),('60f7978143b38f317e9999a440968f7b','region_id','input','N','60f79781ccdf3ae796f5f13e3d0f78dc',NULL,'string',NULL,'2021-07-21 11:41:53','admin','2021-09-26 14:20:05','admin','system','N','N'),('60f79781a57d8c5941a77e2aaada156c','provider_info','input','N','60f79781ccdf3ae796f5f13e3d0f78dc',NULL,'string',NULL,'2021-07-21 11:41:53','admin','2021-09-26 14:20:05','admin','system','N','N'),('60f79781c4d18fac4bfcca8ca30612df','asset_id','input','N','60f79781ccdf3ae796f5f13e3d0f78dc',NULL,'string',NULL,'2021-07-21 11:41:53','admin','2021-09-26 14:20:05','admin','system','Y','N'),('60f7978d12d2e865f98d306a50b520dc','region_id','input','N','60f7978dbf87c4faa2e25a06b17a33c5',NULL,'string',NULL,'2021-07-21 11:42:05','admin','2021-09-26 14:20:05','admin','system','N','N'),('60f7978d1f4974deaf4bf637f5113739','id','output','N','60f7978dbf87c4faa2e25a06b17a33c5',NULL,'string',NULL,'2021-07-21 11:42:05','admin','2021-09-26 14:20:05','admin','system','N','N'),('60f7978d7ab4a1c4549ef8a9b60293ef','id','input','N','60f7978dbf87c4faa2e25a06b17a33c5',NULL,'string',NULL,'2021-07-21 11:42:05','admin','2021-09-26 14:20:05','admin','system','N','N'),('60f7978db870ee73905d8a6a898f49dd','provider_info','input','N','60f7978dbf87c4faa2e25a06b17a33c5',NULL,'string',NULL,'2021-07-21 11:42:05','admin','2021-09-26 14:20:05','admin','system','N','N'),('60f797b31065041d08b240be34940527','asset_id','output','N','60f797b3490aa9b2ea2599cfe820f8ec',NULL,'string',NULL,'2021-07-21 11:42:43','admin','2021-09-26 14:20:05','admin','system','N','N'),('60f797b338a1ae1b68b7aedbb9c9c6d7','region_id','input','N','60f797b3490aa9b2ea2599cfe820f8ec',NULL,'string',NULL,'2021-07-21 11:42:43','admin','2021-09-26 14:20:05','admin','system','N','N'),('60f797b39b15041b0082840a1173860c','id','input','N','60f797b3490aa9b2ea2599cfe820f8ec',NULL,'string',NULL,'2021-07-21 11:42:43','admin','2021-09-26 14:20:05','admin','system','N','N'),('60f797b3aa49fb63234eacc46538369c','asset_id','input','N','60f797b3490aa9b2ea2599cfe820f8ec',NULL,'string',NULL,'2021-07-21 11:42:43','admin','2021-09-26 14:20:05','admin','system','N','N'),('60f797b3ccccccc6285d03681bc300a3','id','output','N','60f797b3490aa9b2ea2599cfe820f8ec',NULL,'string',NULL,'2021-07-21 11:42:43','admin','2021-09-26 14:20:05','admin','system','N','N'),('60f797b3dbca67630d879611e702ed39','provider_info','input','N','60f797b3490aa9b2ea2599cfe820f8ec',NULL,'string',NULL,'2021-07-21 11:42:43','admin','2021-09-26 14:20:05','admin','system','N','N'),('60f797c723b78a2c13b033cd7e004b9f','asset_id','output','N','60f797c7857af8e0f478d294f71afd33',NULL,'string',NULL,'2021-07-21 11:43:03','admin','2021-09-26 14:20:05','admin','system','N','N'),('60f797c76e31ec2f1db0d7e6ded59ba2','id','input','N','60f797c7857af8e0f478d294f71afd33',NULL,'string',NULL,'2021-07-21 11:43:03','admin','2021-09-26 14:20:05','admin','system','Y','N'),('60f797c7a8be6803aca54b26d2210e88','provider_info','input','N','60f797c7857af8e0f478d294f71afd33',NULL,'string',NULL,'2021-07-21 11:43:03','admin','2021-09-26 14:20:05','admin','system','N','N'),('60f797c7c567fbf8e9924f07dfbaaf5f','region_id','input','N','60f797c7857af8e0f478d294f71afd33',NULL,'string',NULL,'2021-07-21 11:43:03','admin','2021-09-26 14:20:05','admin','system','N','N'),('60f797c7ddcae1cb94069e4c2d687201','id','output','N','60f797c7857af8e0f478d294f71afd33',NULL,'string',NULL,'2021-07-21 11:43:03','admin','2021-09-26 14:20:05','admin','system','Y','N'),('60f797c7f43ed7631f6d986dccc772f7','asset_id','input','N','60f797c7857af8e0f478d294f71afd33',NULL,'string',NULL,'2021-07-21 11:43:03','admin','2021-09-26 14:20:05','admin','system','Y','N'),('60f797d661d7a7a269bca5afbd281d66','id','input','N','60f797d61be6750d00506624f74dc685',NULL,'string',NULL,'2021-07-21 11:43:18','admin','2021-09-26 14:20:05','admin','system','N','N'),('60f797d673e2b7285d8094e9b91f89f9','id','output','N','60f797d61be6750d00506624f74dc685',NULL,'string',NULL,'2021-07-21 11:43:18','admin','2021-09-26 14:20:05','admin','system','N','N'),('60f797d697363814388f0b4dda1cd1ed','provider_info','input','N','60f797d61be6750d00506624f74dc685',NULL,'string',NULL,'2021-07-21 11:43:18','admin','2021-09-26 14:20:05','admin','system','N','N'),('60f797d6b87761d9af026071678f724d','region_id','input','N','60f797d61be6750d00506624f74dc685',NULL,'string',NULL,'2021-07-21 11:43:18','admin','2021-09-26 14:20:05','admin','system','N','N'),('60f7980e1161c200aad3b99e74047f9e','asset_id','input','N','60f7980e5c77cf2155f66baa345eaeb0',NULL,'string',NULL,'2021-07-21 11:44:14','admin','2021-09-26 14:20:05','admin','system','N','N'),('60f7980e272058e44040ab4e943099d1','id','output','N','60f7980e5c77cf2155f66baa345eaeb0',NULL,'string',NULL,'2021-07-21 11:44:14','admin','2021-09-26 14:20:05','admin','system','N','N'),('60f7980e2a78a10045ab4127e956cd18','region_id','input','N','60f7980e5c77cf2155f66baa345eaeb0',NULL,'string',NULL,'2021-07-21 11:44:14','admin','2021-09-26 14:20:05','admin','system','N','N'),('60f7980e666e8810af1381047540e8e5','id','input','N','60f7980e5c77cf2155f66baa345eaeb0',NULL,'string',NULL,'2021-07-21 11:44:14','admin','2021-09-26 14:20:05','admin','system','N','N'),('60f7980e9ffae1884b87b01d8e540bf7','asset_id','output','N','60f7980e5c77cf2155f66baa345eaeb0',NULL,'string',NULL,'2021-07-21 11:44:14','admin','2021-09-26 14:20:05','admin','system','N','N'),('60f7980ee406153c95c52f103518935c','provider_info','input','N','60f7980e5c77cf2155f66baa345eaeb0',NULL,'string',NULL,'2021-07-21 11:44:14','admin','2021-09-26 14:20:05','admin','system','N','N'),('60f7981904712fe958a4b0c9069637a1','id','output','N','60f7981980a0f351bf143e54638712fd',NULL,'string',NULL,'2021-07-21 11:44:25','admin','2021-09-26 14:20:05','admin','system','Y','N'),('60f7981946d93eff705a9d1377abb129','id','input','N','60f7981980a0f351bf143e54638712fd',NULL,'string',NULL,'2021-07-21 11:44:25','admin','2021-09-26 14:20:05','admin','system','Y','N'),('60f7981949e46c1a2a0e64a29fcaf6ca','asset_id','output','N','60f7981980a0f351bf143e54638712fd',NULL,'string',NULL,'2021-07-21 11:44:25','admin','2021-09-26 14:20:05','admin','system','N','N'),('60f7981986a82373f3d0f7ca4db1f4d9','provider_info','input','N','60f7981980a0f351bf143e54638712fd',NULL,'string',NULL,'2021-07-21 11:44:25','admin','2021-09-26 14:20:05','admin','system','N','N'),('60f7981990dafad62c0eeba949e579fa','asset_id','input','N','60f7981980a0f351bf143e54638712fd',NULL,'string',NULL,'2021-07-21 11:44:25','admin','2021-09-26 14:20:05','admin','system','Y','N'),('60f79819c03bd74e040046b15285c2d0','region_id','input','N','60f7981980a0f351bf143e54638712fd',NULL,'string',NULL,'2021-07-21 11:44:25','admin','2021-09-26 14:20:05','admin','system','N','N'),('60f7982f4732555d70fa039b9715f1af','id','input','N','60f7982fc05facd0c5a4d740fdfb54b3',NULL,'string',NULL,'2021-07-21 11:44:47','admin','2021-09-26 14:20:05','admin','system','N','N'),('60f7982f777b3e175ad8b46e638a6fbe','provider_info','input','N','60f7982fc05facd0c5a4d740fdfb54b3',NULL,'string',NULL,'2021-07-21 11:44:47','admin','2021-09-26 14:20:05','admin','system','N','N'),('60f7982f77dd94341b19c56dbf2befa7','id','output','N','60f7982fc05facd0c5a4d740fdfb54b3',NULL,'string',NULL,'2021-07-21 11:44:47','admin','2021-09-26 14:20:05','admin','system','N','N'),('60f7982f8d5931b9dba0e35bd741f2ce','region_id','input','N','60f7982fc05facd0c5a4d740fdfb54b3',NULL,'string',NULL,'2021-07-21 11:44:47','admin','2021-09-26 14:20:05','admin','system','N','N'),('60f799483b5da43250344e669c46719d','provider_info','input','N','60f7994873cd0069391acfa760d845d6',NULL,'string',NULL,'2021-07-21 11:49:28','admin','2021-09-26 14:20:05','admin','system','N','N'),('60f7994874e251ac8e0bb4bb4a28ae3a','id','input','N','60f7994873cd0069391acfa760d845d6',NULL,'string',NULL,'2021-07-21 11:49:28','admin','2021-09-26 14:20:05','admin','system','N','N'),('60f79948bd7abe0aaab94ad17d0ca543','asset_id','output','N','60f7994873cd0069391acfa760d845d6',NULL,'string',NULL,'2021-07-21 11:49:28','admin','2021-09-26 14:20:05','admin','system','N','N'),('60f79948cf888edf77af45efce31c2e2','id','output','N','60f7994873cd0069391acfa760d845d6',NULL,'string',NULL,'2021-07-21 11:49:28','admin','2021-09-26 14:20:05','admin','system','N','N'),('60f79948e4a00a68458e916d3177d1ae','asset_id','input','N','60f7994873cd0069391acfa760d845d6',NULL,'string',NULL,'2021-07-21 11:49:28','admin','2021-09-26 14:20:05','admin','system','N','N'),('60f79948ff8111afa2ebc778e78f1540','region_id','input','N','60f7994873cd0069391acfa760d845d6',NULL,'string',NULL,'2021-07-21 11:49:28','admin','2021-09-26 14:20:05','admin','system','N','N'),('60f799542cf0e2881820fd878f3d07c4','region_id','input','N','60f79954846703e55eb2c6d27214263e',NULL,'string',NULL,'2021-07-21 11:49:40','admin','2021-09-26 14:20:05','admin','system','N','N'),('60f799545aaec83ad5905c7752663cbc','id','input','N','60f79954846703e55eb2c6d27214263e',NULL,'string',NULL,'2021-07-21 11:49:40','admin','2021-09-26 14:20:05','admin','system','Y','N'),('60f7995465d0273ec77b5b9dac4de495','id','output','N','60f79954846703e55eb2c6d27214263e',NULL,'string',NULL,'2021-07-21 11:49:40','admin','2021-09-26 14:20:05','admin','system','Y','N'),('60f79954d25410dc3fc7a5e0989aa5a8','asset_id','input','N','60f79954846703e55eb2c6d27214263e',NULL,'string',NULL,'2021-07-21 11:49:40','admin','2021-09-26 14:20:05','admin','system','Y','N'),('60f79954e338bfcd71aba2f9b0ee977f','asset_id','output','N','60f79954846703e55eb2c6d27214263e',NULL,'string',NULL,'2021-07-21 11:49:40','admin','2021-09-26 14:20:05','admin','system','N','N'),('60f79954e44d172d8a4148c075ec217b','provider_info','input','N','60f79954846703e55eb2c6d27214263e',NULL,'string',NULL,'2021-07-21 11:49:40','admin','2021-09-26 14:20:05','admin','system','N','N'),('60f79963404ccff2782fbc159fc65353','provider_info','input','N','60f799638a1de59efe3044803c1123e7',NULL,'string',NULL,'2021-07-21 11:49:55','admin','2021-09-26 14:20:05','admin','system','N','N'),('60f799635d71404dbdadd111ee27a2e5','id','output','N','60f799638a1de59efe3044803c1123e7',NULL,'string',NULL,'2021-07-21 11:49:55','admin','2021-09-26 14:20:05','admin','system','N','N'),('60f799637026761f9c11b7f66942078f','id','input','N','60f799638a1de59efe3044803c1123e7',NULL,'string',NULL,'2021-07-21 11:49:55','admin','2021-09-26 14:20:05','admin','system','N','N'),('60f79963897eb14c1c76265bfa5facf8','region_id','input','N','60f799638a1de59efe3044803c1123e7',NULL,'string',NULL,'2021-07-21 11:49:55','admin','2021-09-26 14:20:05','admin','system','N','N'),('60f7997f5fe5cda1433d470fb7c2b7cb','asset_id','output','N','60f7997f2c7a8db75208a689c6274741',NULL,'string',NULL,'2021-07-21 11:50:23','admin','2021-09-26 14:20:05','admin','system','N','N'),('60f7997f851c539182c54c14251d74a3','region_id','input','N','60f7997f2c7a8db75208a689c6274741',NULL,'string',NULL,'2021-07-21 11:50:23','admin','2021-09-26 14:20:05','admin','system','N','N'),('60f7997f938d6e35a2c6ec81494e2f1a','asset_id','input','N','60f7997f2c7a8db75208a689c6274741',NULL,'string',NULL,'2021-07-21 11:50:23','admin','2021-09-26 14:20:05','admin','system','N','N'),('60f7997f946ded2319872e166941cc5d','provider_info','input','N','60f7997f2c7a8db75208a689c6274741',NULL,'string',NULL,'2021-07-21 11:50:23','admin','2021-09-26 14:20:05','admin','system','N','N'),('60f7997fba5accddc535e9316ea90a57','id','output','N','60f7997f2c7a8db75208a689c6274741',NULL,'string',NULL,'2021-07-21 11:50:23','admin','2021-09-26 14:20:05','admin','system','N','N'),('60f7997fe5d6443352d12a6ace6c05f0','id','input','N','60f7997f2c7a8db75208a689c6274741',NULL,'string',NULL,'2021-07-21 11:50:23','admin','2021-09-26 14:20:05','admin','system','N','N'),('60f7998822024115e1cd7864c6229431','asset_id','input','N','60f799882c7bc6eb181c55fa7641f77d',NULL,'string',NULL,'2021-07-21 11:50:32','admin','2021-09-26 14:20:05','admin','system','Y','N'),('60f799882e1c3d7c2e89e87710a93308','provider_info','input','N','60f799882c7bc6eb181c55fa7641f77d',NULL,'string',NULL,'2021-07-21 11:50:32','admin','2021-09-26 14:20:05','admin','system','N','N'),('60f799884f959ace80fb55b0cee9a2fc','id','output','N','60f799882c7bc6eb181c55fa7641f77d',NULL,'string',NULL,'2021-07-21 11:50:32','admin','2021-09-26 14:20:05','admin','system','Y','N'),('60f799889b8b53e945e1db0dffbbfb4b','asset_id','output','N','60f799882c7bc6eb181c55fa7641f77d',NULL,'string',NULL,'2021-07-21 11:50:32','admin','2021-09-26 14:20:05','admin','system','N','N'),('60f79988aabb98280230d02e81709161','region_id','input','N','60f799882c7bc6eb181c55fa7641f77d',NULL,'string',NULL,'2021-07-21 11:50:32','admin','2021-09-26 14:20:05','admin','system','N','N'),('60f79988f65dfbedfcf8a04ec82cae30','id','input','N','60f799882c7bc6eb181c55fa7641f77d',NULL,'string',NULL,'2021-07-21 11:50:32','admin','2021-09-26 14:20:05','admin','system','Y','N'),('60f799945f92f6a735eb9ae14cf6d75e','region_id','input','N','60f799948c997bc7a983290503becc09',NULL,'string',NULL,'2021-07-21 11:50:44','admin','2021-09-26 14:20:05','admin','system','N','N'),('60f7999480900c77e879a758fc6d6c49','provider_info','input','N','60f799948c997bc7a983290503becc09',NULL,'string',NULL,'2021-07-21 11:50:44','admin','2021-09-26 14:20:05','admin','system','N','N'),('60f79994b916c754c84a0fbfeedd1da1','id','output','N','60f799948c997bc7a983290503becc09',NULL,'string',NULL,'2021-07-21 11:50:44','admin','2021-09-26 14:20:05','admin','system','N','N'),('60f79994fd220cfef496286cdd476feb','id','input','N','60f799948c997bc7a983290503becc09',NULL,'string',NULL,'2021-07-21 11:50:44','admin','2021-09-26 14:20:05','admin','system','N','N'),('60f79ae52bf48f75bafb9a56651549cc','region_id','input','N','60f79ae58a9f39aab30b9bb2e78e2614',NULL,'string',NULL,'2021-07-21 11:56:21','admin','2021-09-26 14:20:05','admin','system','N','N'),('60f79ae58434e9ec4bc147f607aea77b','id','output','N','60f79ae58a9f39aab30b9bb2e78e2614',NULL,'string',NULL,'2021-07-21 11:56:21','admin','2021-09-26 14:20:05','admin','system','N','N'),('60f79ae59c44f90dddaaac0385dea0c6','provider_info','input','N','60f79ae58a9f39aab30b9bb2e78e2614',NULL,'string',NULL,'2021-07-21 11:56:21','admin','2021-09-26 14:20:05','admin','system','N','N'),('60f79ae5bad6825dbe8c32b96396f2d5','id','input','N','60f79ae58a9f39aab30b9bb2e78e2614',NULL,'string',NULL,'2021-07-21 11:56:21','admin','2021-09-26 14:20:05','admin','system','N','N'),('60f79ae5eb385cd10b4ea2110320f450','asset_id','output','N','60f79ae58a9f39aab30b9bb2e78e2614',NULL,'string',NULL,'2021-07-21 11:56:21','admin','2021-09-26 14:20:05','admin','system','N','N'),('60f79ae5f8a660158997d98614b88c40','asset_id','input','N','60f79ae58a9f39aab30b9bb2e78e2614',NULL,'string',NULL,'2021-07-21 11:56:21','admin','2021-09-26 14:20:05','admin','system','N','N'),('60f79af70dfa9ef03fc2fa3553626aa9','provider_info','input','N','60f79af7f8a0afae7bb34b1f7b436013',NULL,'string',NULL,'2021-07-21 11:56:39','admin','2021-09-26 14:20:05','admin','system','N','N'),('60f79af72524fd95b977125bb0ede3c4','region_id','input','N','60f79af7f8a0afae7bb34b1f7b436013',NULL,'string',NULL,'2021-07-21 11:56:39','admin','2021-09-26 14:20:05','admin','system','N','N'),('60f79af74796cdf8e328be228c52f191','asset_id','output','N','60f79af7f8a0afae7bb34b1f7b436013',NULL,'string',NULL,'2021-07-21 11:56:39','admin','2021-09-26 14:20:05','admin','system','N','N'),('60f79af7e10e0004be3c416b15f998aa','id','input','N','60f79af7f8a0afae7bb34b1f7b436013',NULL,'string',NULL,'2021-07-21 11:56:39','admin','2021-09-26 14:20:05','admin','system','Y','N'),('60f79af7e71e7a28e2f8ccf970724198','asset_id','input','N','60f79af7f8a0afae7bb34b1f7b436013',NULL,'string',NULL,'2021-07-21 11:56:39','admin','2021-09-26 14:20:05','admin','system','Y','N'),('60f79af7fd9954a9767343f444a3a49b','id','output','N','60f79af7f8a0afae7bb34b1f7b436013',NULL,'string',NULL,'2021-07-21 11:56:39','admin','2021-09-26 14:20:05','admin','system','Y','N'),('60f79b15248ebb5c02351a2b00b175bd','id','output','N','60f79b158fe986ce5d2ecb27e93c7a21',NULL,'string',NULL,'2021-07-21 11:57:09','admin','2021-09-26 14:20:05','admin','system','N','N'),('60f79b15332db17f2108133d0e3dde35','provider_info','input','N','60f79b158fe986ce5d2ecb27e93c7a21',NULL,'string',NULL,'2021-07-21 11:57:09','admin','2021-09-26 14:20:05','admin','system','N','N'),('60f79b158b1e6cbb3add0527a9c7ae18','region_id','input','N','60f79b158fe986ce5d2ecb27e93c7a21',NULL,'string',NULL,'2021-07-21 11:57:09','admin','2021-09-26 14:20:05','admin','system','N','N'),('60f79b159c32a4fee97e4e8945183551','id','input','N','60f79b158fe986ce5d2ecb27e93c7a21',NULL,'string',NULL,'2021-07-21 11:57:09','admin','2021-09-26 14:20:05','admin','system','N','N'),('60f7b8634a8980dca21dad82fa444ccf','asset_id','output','N','60f7b8634e4ad2c01e5d7cd6aab92241',NULL,'string',NULL,'2021-07-21 14:02:11','admin','2021-09-26 14:20:05','admin','system','N','N'),('60f7b86351220195590af325a22a6617','provider_info','input','N','60f7b8634e4ad2c01e5d7cd6aab92241',NULL,'string',NULL,'2021-07-21 14:02:11','admin','2021-09-26 14:20:05','admin','system','N','N'),('60f7b863abcf001b1af93dd76e5549e4','asset_id','input','N','60f7b8634e4ad2c01e5d7cd6aab92241',NULL,'string',NULL,'2021-07-21 14:02:11','admin','2021-09-26 14:20:05','admin','system','N','N'),('60f7b863af19195f0f393e5081fc341b','id','input','N','60f7b8634e4ad2c01e5d7cd6aab92241',NULL,'string',NULL,'2021-07-21 14:02:11','admin','2021-09-26 14:20:05','admin','system','N','N'),('60f7b863c540b56c94456a5acef7063d','id','output','N','60f7b8634e4ad2c01e5d7cd6aab92241',NULL,'string',NULL,'2021-07-21 14:02:11','admin','2021-09-26 14:20:05','admin','system','N','N'),('60f7b863d989361775a5c33aa12ef8ea','region_id','input','N','60f7b8634e4ad2c01e5d7cd6aab92241',NULL,'string',NULL,'2021-07-21 14:02:11','admin','2021-09-26 14:20:05','admin','system','N','N'),('60f7b87915597be9b7e5b39d1a2a7079','asset_id','output','N','60f7b87977699ec19aa9d8c2c1ce654b',NULL,'string',NULL,'2021-07-21 14:02:33','admin','2021-09-26 14:20:05','admin','system','N','N'),('60f7b87942c22307d2b2b8a0963a94fb','id','output','N','60f7b87977699ec19aa9d8c2c1ce654b',NULL,'string',NULL,'2021-07-21 14:02:33','admin','2021-09-26 14:20:05','admin','system','Y','N'),('60f7b87968cb0bafaa6e3c2a67737e2d','id','input','N','60f7b87977699ec19aa9d8c2c1ce654b',NULL,'string',NULL,'2021-07-21 14:02:33','admin','2021-09-26 14:20:05','admin','system','Y','N'),('60f7b879763ef045bc5262863f9a4f99','provider_info','input','N','60f7b87977699ec19aa9d8c2c1ce654b',NULL,'string',NULL,'2021-07-21 14:02:33','admin','2021-09-26 14:20:05','admin','system','N','N'),('60f7b87982ef30cfb45360aba870dd1f','region_id','input','N','60f7b87977699ec19aa9d8c2c1ce654b',NULL,'string',NULL,'2021-07-21 14:02:33','admin','2021-09-26 14:20:05','admin','system','N','N'),('60f7b879b581ee8d24de0dc26eddb55f','asset_id','input','N','60f7b87977699ec19aa9d8c2c1ce654b',NULL,'string',NULL,'2021-07-21 14:02:33','admin','2021-09-26 14:20:05','admin','system','Y','N'),('60f7b89548fe9507b63d9953cca28b25','id','output','N','60f7b89527636a94d92a6aa627077d30',NULL,'string',NULL,'2021-07-21 14:03:01','admin','2021-09-26 14:20:05','admin','system','N','N'),('60f7b8954da83c826d0270d46b520cb8','id','input','N','60f7b89527636a94d92a6aa627077d30',NULL,'string',NULL,'2021-07-21 14:03:01','admin','2021-09-26 14:20:05','admin','system','N','N'),('60f7b89556a1876cfee17bbd90fc181a','provider_info','input','N','60f7b89527636a94d92a6aa627077d30',NULL,'string',NULL,'2021-07-21 14:03:01','admin','2021-09-26 14:20:05','admin','system','N','N'),('60f7b895f949c59c8cdf2b834820fd6c','region_id','input','N','60f7b89527636a94d92a6aa627077d30',NULL,'string',NULL,'2021-07-21 14:03:01','admin','2021-09-26 14:20:05','admin','system','N','N'),('60f7c0a213d8b32eeb398449a7a32288','asset_id','output','N','60f7c0a2fec2e469966b10dadb07706b',NULL,'string',NULL,'2021-07-21 14:37:22','admin','2021-09-26 14:20:05','admin','system','N','N'),('60f7c0a2429006d4f2f3666597ffabbd','id','output','N','60f7c0a2fec2e469966b10dadb07706b',NULL,'string',NULL,'2021-07-21 14:37:22','admin','2021-09-26 14:20:05','admin','system','N','N'),('60f7c0a2ab217c84138c872c0990cad5','id','input','N','60f7c0a2fec2e469966b10dadb07706b',NULL,'string',NULL,'2021-07-21 14:37:22','admin','2021-09-26 14:20:05','admin','system','N','N'),('60f7c0a2b2bafb04dfea8db794d0239d','region_id','input','N','60f7c0a2fec2e469966b10dadb07706b',NULL,'string',NULL,'2021-07-21 14:37:22','admin','2021-09-26 14:20:05','admin','system','N','N'),('60f7c0a2ef2a97f564f1bdb83c897bb6','asset_id','input','N','60f7c0a2fec2e469966b10dadb07706b',NULL,'string',NULL,'2021-07-21 14:37:22','admin','2021-09-26 14:20:05','admin','system','N','N'),('60f7c0a2fb53154b14cb4e0edab2c2f5','provider_info','input','N','60f7c0a2fec2e469966b10dadb07706b',NULL,'string',NULL,'2021-07-21 14:37:22','admin','2021-09-26 14:20:05','admin','system','N','N'),('60f7c0ab066cdd07114f526174e75e20','provider_info','input','N','60f7c0abb5416cf9f915a762d3ced46d',NULL,'string',NULL,'2021-07-21 14:37:31','admin','2021-09-26 14:20:05','admin','system','N','N'),('60f7c0ab3d0af6d8e77c7de3157d4713','id','input','N','60f7c0abb5416cf9f915a762d3ced46d',NULL,'string',NULL,'2021-07-21 14:37:31','admin','2021-09-26 14:20:05','admin','system','Y','N'),('60f7c0ab5a694013df63852e9cf1ad08','id','output','N','60f7c0abb5416cf9f915a762d3ced46d',NULL,'string',NULL,'2021-07-21 14:37:31','admin','2021-09-26 14:20:05','admin','system','Y','N'),('60f7c0ab77285b6598be7ad883e4d043','asset_id','output','N','60f7c0abb5416cf9f915a762d3ced46d',NULL,'string',NULL,'2021-07-21 14:37:31','admin','2021-09-26 14:20:05','admin','system','N','N'),('60f7c0ab82cd4803a0f79ba9ec126202','asset_id','input','N','60f7c0abb5416cf9f915a762d3ced46d',NULL,'string',NULL,'2021-07-21 14:37:31','admin','2021-09-26 14:20:05','admin','system','Y','N'),('60f7c0ab926f126392a73a899306ed09','region_id','input','N','60f7c0abb5416cf9f915a762d3ced46d',NULL,'string',NULL,'2021-07-21 14:37:31','admin','2021-09-26 14:20:05','admin','system','N','N'),('60f7c0b53ae9db4f5af25a1592e3c2b0','id','input','N','60f7c0b59f69c1bdd0c2f31229d0797a',NULL,'string',NULL,'2021-07-21 14:37:41','admin','2021-09-26 14:20:05','admin','system','N','N'),('60f7c0b59db96f0e08168ea9459e8ddc','id','output','N','60f7c0b59f69c1bdd0c2f31229d0797a',NULL,'string',NULL,'2021-07-21 14:37:41','admin','2021-09-26 14:20:05','admin','system','N','N'),('60f7c0b5ec4a0d0a4a71d25631b3a62c','provider_info','input','N','60f7c0b59f69c1bdd0c2f31229d0797a',NULL,'string',NULL,'2021-07-21 14:37:41','admin','2021-09-26 14:20:05','admin','system','N','N'),('60f7c0b5f03fa4b8f61bd5631e0a6154','region_id','input','N','60f7c0b59f69c1bdd0c2f31229d0797a',NULL,'string',NULL,'2021-07-21 14:37:41','admin','2021-09-26 14:20:05','admin','system','N','N'),('60f7c6341b70380bdd2d2e561617d6c7','provider_info','input','N','60f7c634a4e9e01754f33380241c526c',NULL,'string',NULL,'2021-07-21 15:01:08','admin','2021-09-26 14:20:05','admin','system','N','N'),('60f7c63429e9e7f7df000665d74dd359','asset_id','output','N','60f7c634a4e9e01754f33380241c526c',NULL,'string',NULL,'2021-07-21 15:01:08','admin','2021-09-26 14:20:05','admin','system','N','N'),('60f7c63465246b5ad87435e3be275c91','id','input','N','60f7c634a4e9e01754f33380241c526c',NULL,'string',NULL,'2021-07-21 15:01:08','admin','2021-09-26 14:20:05','admin','system','N','N'),('60f7c634a734117baf71d0a69f1a6813','id','output','N','60f7c634a4e9e01754f33380241c526c',NULL,'string',NULL,'2021-07-21 15:01:08','admin','2021-09-26 14:20:05','admin','system','N','N'),('60f7c634aa7947f65e518cc8b5a64419','asset_id','input','N','60f7c634a4e9e01754f33380241c526c',NULL,'string',NULL,'2021-07-21 15:01:08','admin','2021-09-26 14:20:05','admin','system','N','N'),('60f7c634ab1bf47a452496052b7f7d4c','region_id','input','N','60f7c634a4e9e01754f33380241c526c',NULL,'string',NULL,'2021-07-21 15:01:08','admin','2021-09-26 14:20:05','admin','system','N','N'),('60f7c64161004736f5a42e207bef038a','asset_id','output','N','60f7c641451222f0f6fd9cd189b34d3c',NULL,'string',NULL,'2021-07-21 15:01:21','admin','2021-09-26 14:20:05','admin','system','N','N'),('60f7c6416c14b8148c90db239a4c27f5','asset_id','input','N','60f7c641451222f0f6fd9cd189b34d3c',NULL,'string',NULL,'2021-07-21 15:01:21','admin','2021-09-26 14:20:05','admin','system','Y','N'),('60f7c6416ea52be1bc20f25175a70232','id','input','N','60f7c641451222f0f6fd9cd189b34d3c',NULL,'string',NULL,'2021-07-21 15:01:21','admin','2021-09-26 14:20:05','admin','system','Y','N'),('60f7c641839a7dfa1f171bc21b483b7f','provider_info','input','N','60f7c641451222f0f6fd9cd189b34d3c',NULL,'string',NULL,'2021-07-21 15:01:21','admin','2021-09-26 14:20:05','admin','system','N','N'),('60f7c641899c6db16c39a442a9db02c6','region_id','input','N','60f7c641451222f0f6fd9cd189b34d3c',NULL,'string',NULL,'2021-07-21 15:01:21','admin','2021-09-26 14:20:05','admin','system','N','N'),('60f7c641968211efd7574957b7207276','id','output','N','60f7c641451222f0f6fd9cd189b34d3c',NULL,'string',NULL,'2021-07-21 15:01:21','admin','2021-09-26 14:20:05','admin','system','Y','N'),('60f7c652053cce477e4c6a18a24ac5a8','id','output','N','60f7c6525453dbda25ee78197af03237',NULL,'string',NULL,'2021-07-21 15:01:38','admin','2021-09-26 14:20:05','admin','system','N','N'),('60f7c6523dc85d163879385fbd8dbdab','provider_info','input','N','60f7c6525453dbda25ee78197af03237',NULL,'string',NULL,'2021-07-21 15:01:38','admin','2021-09-26 14:20:05','admin','system','N','N'),('60f7c652800606fb1c4250ab3417f4e3','region_id','input','N','60f7c6525453dbda25ee78197af03237',NULL,'string',NULL,'2021-07-21 15:01:38','admin','2021-09-26 14:20:05','admin','system','N','N'),('60f7c652a516b897c660e42bc94aac41','id','input','N','60f7c6525453dbda25ee78197af03237',NULL,'string',NULL,'2021-07-21 15:01:38','admin','2021-09-26 14:20:05','admin','system','N','N'),('60f7c6a0ce34ce901d9b3bfba17b00d9','cidr','input','N','60f7866b0f881956374fdd7cfdb53e2a',NULL,'string',NULL,'2021-07-21 15:02:56','admin','2021-09-26 14:20:05','admin','','N','N'),('60f7c6ac9962559d74b18df81e58c90b','name','input','N','60f7866b0f881956374fdd7cfdb53e2a',NULL,'string',NULL,'2021-07-21 15:03:08','admin','2021-09-26 14:20:05','admin','','N','N'),('60f7c6cfe9adaca851a90acdc4aef042','tags','input','N','60f7866b0f881956374fdd7cfdb53e2a',NULL,'object',NULL,'2021-07-21 15:03:43','admin','2021-09-26 14:20:05','admin','','N','N'),('60f7c767a7e2d670f1c23cf7121e72fe','cidr','output','N','60f7867b94e465657397ea2d7bd0de5a',NULL,'string',NULL,'2021-07-21 15:06:15','admin','2021-09-26 14:20:05','admin','','N','N'),('60f7c76d6a820148f9bf74bebe616e88','name','output','N','60f7867b94e465657397ea2d7bd0de5a',NULL,'string',NULL,'2021-07-21 15:06:21','admin','2021-09-26 14:20:05','admin','','N','N'),('60f7c7751a292ba32383b9f75dde746a','tags','output','N','60f7867b94e465657397ea2d7bd0de5a',NULL,'object',NULL,'2021-07-21 15:06:29','admin','2021-09-26 14:20:05','admin','','Y','N'),('60f7c7d6c2d89382730c1949f6462cdc','region_id','output','N','60f7867b94e465657397ea2d7bd0de5a',NULL,'string',NULL,'2021-07-21 15:08:06','admin','2021-09-26 14:20:05','admin','','N','N'),('60f7ccda043520a284aa0b8f3b7f86c9','name','input','N','60f786f3991905385cfd836e20fc6c52',NULL,'string',NULL,'2021-07-21 15:29:30','admin','2021-09-26 14:20:05','admin','','N','N'),('60f7cce09f51abe2f5cb3c7777c80b53','tags','input','N','60f786f3991905385cfd836e20fc6c52',NULL,'object',NULL,'2021-07-21 15:29:36','admin','2021-09-26 14:20:05','admin','','Y','N'),('60f7dbdd5cc452863aca1515e7f9d870','tags','output','N','60f78711ab326b3c8b612f76c56b5724',NULL,'object',NULL,'2021-07-21 16:33:33','admin','2021-09-26 14:20:05','admin','','Y','N'),('60f7dbe6e29d3692d5a240cbba1b6871','name','output','N','60f78711ab326b3c8b612f76c56b5724',NULL,'string',NULL,'2021-07-21 16:33:42','admin','2021-09-26 14:20:05','admin','','N','N'),('60f7dbf55c54c04b7ffda21b5daa4287','vpc_id','output','N','60f78711ab326b3c8b612f76c56b5724',NULL,'string',NULL,'2021-07-21 16:33:57','admin','2021-09-26 14:20:05','admin','','N','N'),('60f7dc048d71e2f06bc0e4dd9d762c85','vpc_id','input','N','60f78711ab326b3c8b612f76c56b5724',NULL,'string',NULL,'2021-07-21 16:34:12','admin','2021-09-26 14:20:05','admin','','N','N'),('60f7dc1aa5efae2c6be7cc9ba03cf553','vpc_id','input','N','60f786f3991905385cfd836e20fc6c52',NULL,'string',NULL,'2021-07-21 16:34:34','admin','2021-09-26 14:20:05','admin','','N','N'),('60f7e736e8dd266d52e6cb9ef05099c1','resource_group_id','input','N','60f7866b0f881956374fdd7cfdb53e2a',NULL,'string',NULL,'2021-07-21 17:21:58','admin','2021-09-26 14:20:05','admin','','N','N'),('60f7e7752b075e4b2a87739f4590fcb1','resource_group_id','output','N','60f7867b94e465657397ea2d7bd0de5a',NULL,'string',NULL,'2021-07-21 17:23:01','admin','2021-09-26 14:20:05','admin','','Y','N'),('60f809982a90379c926483100f339e83','next_hop_type','input','N','60f787849f0332bf0f6468742a626e9d','60f80c12b1234c504bba46250837694e','string',NULL,'2021-07-21 19:48:40','admin','2021-09-26 14:20:05','admin','','N','N'),('60f809ae6074041030af5d856d2ac1d8','next_hop_id','input','N','60f787849f0332bf0f6468742a626e9d',NULL,'string',NULL,'2021-07-21 19:49:02','admin','2021-09-26 14:20:05','admin','','N','N'),('60f809c19149f0b8ea3b7d301c24dc25','route_table_id','input','N','60f787849f0332bf0f6468742a626e9d',NULL,'string',NULL,'2021-07-21 19:49:21','admin','2021-09-26 14:20:05','admin','','N','N'),('60f80a356b33049c85bfe56fc3ac2857','destination_cidr','input','N','60f787849f0332bf0f6468742a626e9d',NULL,'string',NULL,'2021-07-21 19:51:17','admin','2021-09-26 14:20:05','admin','','N','N'),('60f80c491bc00700d6885478b4862ee3','route_table_id','input','N','60f78793a90cbbc325eee8476b778cd7',NULL,'string',NULL,'2021-07-21 20:00:09','admin','2021-09-26 14:20:05','admin','','N','N'),('60f80ebca317f8b1f67f63810dcfcfc4','next_hop_type','output','N','60f78793a90cbbc325eee8476b778cd7','60f80e5f744697ea4997ae3e67cb66b8','string',NULL,'2021-07-21 20:10:36','admin','2021-09-26 14:20:05','admin','','N','N'),('60f80ec5fae3a2646be697b90932ae0b','route_table_id','output','N','60f78793a90cbbc325eee8476b778cd7',NULL,'string',NULL,'2021-07-21 20:10:45','admin','2021-09-26 14:20:05','admin','','N','N'),('60f80ecc8cbcfe3cdf634cf98f86cc27','destination_cidr','output','N','60f78793a90cbbc325eee8476b778cd7',NULL,'string',NULL,'2021-07-21 20:10:52','admin','2021-09-26 14:20:05','admin','','N','N'),('60f80ed62531798c9b9082f3386cb58d','next_hop_id','output','N','60f78793a90cbbc325eee8476b778cd7',NULL,'string',NULL,'2021-07-21 20:11:02','admin','2021-09-26 14:20:05','admin','','N','N'),('60f81077c6e395c1aeacb14ef59062dd','name','input','N','60f787d9511e835b398629070e1b9b95',NULL,'string',NULL,'2021-07-21 20:17:59','admin','2021-09-26 14:20:05','admin','','N','N'),('60f8107fd7a1d3ba1afe55255f1c19cb','tags','input','N','60f787d9511e835b398629070e1b9b95',NULL,'object',NULL,'2021-07-21 20:18:07','admin','2021-09-26 14:20:05','admin','','Y','N'),('60f810c8e896f19331eba3d1486a1a2e','resource_group_id','input','N','60f787d9511e835b398629070e1b9b95',NULL,'string',NULL,'2021-07-21 20:19:20','admin','2021-09-26 14:20:05','admin','','Y','N'),('60f8111760b43cacdbd8f780574f7652','vpc_id','input','N','60f787d9511e835b398629070e1b9b95',NULL,'string',NULL,'2021-07-21 20:20:39','admin','2021-09-26 14:20:05','admin','','Y','N'),('60f81125f1a807e37ab65d6b9a50f95a','vpc_id','input','N','60f787f3340394bb83f0a847de6f7f00',NULL,'string',NULL,'2021-07-21 20:20:53','admin','2021-09-26 14:20:05','admin','','N','N'),('60f811498238c0ddc3a6ebc109b10543','tags','output','N','60f787f3340394bb83f0a847de6f7f00',NULL,'object',NULL,'2021-07-21 20:21:29','admin','2021-09-26 14:20:05','admin','','Y','N'),('60f81151f7e2e63918850ac39115fbeb','resource_group_id','output','N','60f787f3340394bb83f0a847de6f7f00',NULL,'string',NULL,'2021-07-21 20:21:37','admin','2021-09-26 14:20:05','admin','','Y','N'),('60f811595a3093891bf7ba066fca8d4d','name','output','N','60f787f3340394bb83f0a847de6f7f00',NULL,'string',NULL,'2021-07-21 20:21:45','admin','2021-09-26 14:20:05','admin','','N','N'),('60f811639cc1011bc99bb0ed726bb3f0','vpc_id','output','N','60f787f3340394bb83f0a847de6f7f00',NULL,'string',NULL,'2021-07-21 20:21:55','admin','2021-09-26 14:20:05','admin','','Y','N'),('60f811cd2656da4dbbf60ce43b1edb51','security_group_id','input','N','60f7883a940eccaef9ade417d8ae6c34',NULL,'string',NULL,'2021-07-21 20:23:41','admin','2021-09-26 14:20:05','admin','','N','N'),('60f811d812796c19ff3f47e60d3b1e78','cidr','input','N','60f7883a940eccaef9ade417d8ae6c34',NULL,'string',NULL,'2021-07-21 20:23:52','admin','2021-09-26 14:20:05','admin','','Y','N'),('60f811e00916027b64080bc09c9f7d5e','port_range','input','N','60f7883a940eccaef9ade417d8ae6c34',NULL,'string',NULL,'2021-07-21 20:24:00','admin','2021-09-26 14:20:05','admin','','N','N'),('60f812199e52fadafdc6639a918e86cc','protocol','input','N','60f7883a940eccaef9ade417d8ae6c34','60f81215f97c737490e0bf7dc6540873','string',NULL,'2021-07-21 20:24:57','admin','2021-09-26 14:20:05','admin','','N','N'),('60f81239df0839ff51f566f0fb9cc36c','policy','input','N','60f7883a940eccaef9ade417d8ae6c34','60f812362774683962425ca2016dfc99','string',NULL,'2021-07-21 20:25:29','admin','2021-09-26 14:20:05','admin','','N','N'),('60f812ad0cf4cf35dbfaec12b7476533','type','input','N','60f7883a940eccaef9ade417d8ae6c34','60f812a8523a0c85e1c32d8f788b7fb4','string',NULL,'2021-07-21 20:27:25','admin','2021-09-26 14:20:05','admin','','N','N'),('60f812ce6c782cf9a6c6ed8e3d988b52','description','input','N','60f7883a940eccaef9ade417d8ae6c34',NULL,'string',NULL,'2021-07-21 20:27:58','admin','2021-09-26 14:20:05','admin','','Y','N'),('60f812eb32647074648969b64f345fa9','security_group_id','input','N','60f7884f61d5516aeafec614cdd4ce78',NULL,'string',NULL,'2021-07-21 20:28:27','admin','2021-09-26 14:20:05','admin','','N','N'),('60f81326b278a52a8f10b939a7f5c88f','security_group_id','output','N','60f7884f61d5516aeafec614cdd4ce78',NULL,'string',NULL,'2021-07-21 20:29:26','admin','2021-09-26 14:20:05','admin','','N','N'),('60f8132b3c9e7f8eb220c7fe3fb078be','cidr','output','N','60f7884f61d5516aeafec614cdd4ce78',NULL,'string',NULL,'2021-07-21 20:29:31','admin','2021-09-26 14:20:05','admin','','Y','N'),('60f813302b7f072c3bec03826e888ce0','port_range','output','N','60f7884f61d5516aeafec614cdd4ce78',NULL,'string',NULL,'2021-07-21 20:29:36','admin','2021-09-26 14:20:05','admin','','N','N'),('60f8133a6b907f5302e92d81d3f96cf4','protocol','output','N','60f7884f61d5516aeafec614cdd4ce78','60f81215f97c737490e0bf7dc6540873','string',NULL,'2021-07-21 20:29:46','admin','2021-09-26 14:20:05','admin','','N','N'),('60f81344fa4262e456c43db7ffce6eb3','policy','output','N','60f7884f61d5516aeafec614cdd4ce78','60f812362774683962425ca2016dfc99','string',NULL,'2021-07-21 20:29:56','admin','2021-09-26 14:20:05','admin','','N','N'),('60f8134fc9ef7e29f36c26235f809cc9','type','output','N','60f7884f61d5516aeafec614cdd4ce78','60f812a8523a0c85e1c32d8f788b7fb4','string',NULL,'2021-07-21 20:30:07','admin','2021-09-26 14:20:05','admin','','N','N'),('60f8135d07a54caead5d174ab5db4ed1','description','output','N','60f7884f61d5516aeafec614cdd4ce78',NULL,'string',NULL,'2021-07-21 20:30:21','admin','2021-09-26 14:20:05','admin','','Y','N'),('60f81718c72d21602812f2dc00fb25ca','source_security_group_id','output','N','60f7884f61d5516aeafec614cdd4ce78',NULL,'string',NULL,'2021-07-21 20:46:16','admin','2021-09-26 14:20:05','admin','','Y','N'),('60f817a53fa288994ca338f7edcc8cb2','source_security_group_id','input','N','60f7883a940eccaef9ade417d8ae6c34',NULL,'string',NULL,'2021-07-21 20:48:37','admin','2021-09-26 14:20:05','admin','','Y','N'),('60f817b607dd6a47bbe7c61d77a429e4','vpc_id','input','N','60f7889e8833ce91de046154756a17e6',NULL,'string',NULL,'2021-07-21 20:48:54','admin','2021-09-26 14:20:05','admin','','N','N'),('60f817c05e2027df2565d036c5918d7b','route_table_id','input','N','60f7889e8833ce91de046154756a17e6',NULL,'string',NULL,'2021-07-21 20:49:04','admin','2021-09-26 14:20:05','admin','','N','N'),('60f817c5d4b44fbe515974a0bf367948','cidr','input','N','60f7889e8833ce91de046154756a17e6',NULL,'string',NULL,'2021-07-21 20:49:09','admin','2021-09-26 14:20:05','admin','','N','N'),('60f817d3e813d8b2cece96786f235452','zone_id','input','N','60f7889e8833ce91de046154756a17e6',NULL,'string',NULL,'2021-07-21 20:49:23','admin','2021-09-26 14:20:05','admin','','N','N'),('60f8182223b946d041b7575512269d59','name','input','N','60f7889e8833ce91de046154756a17e6',NULL,'string',NULL,'2021-07-21 20:50:42','admin','2021-09-26 14:20:05','admin','','N','N'),('60f81829a2632e4c62592848593daf40','tags','input','N','60f7889e8833ce91de046154756a17e6',NULL,'object',NULL,'2021-07-21 20:50:49','admin','2021-09-26 14:20:05','admin','','Y','N'),('60f818bdc4b8a40a99af6937f824b35d','vpc_id','input','N','60f788a936131fbe52aea7a273d5457a',NULL,'string',NULL,'2021-07-21 20:53:17','admin','2021-09-26 14:20:05','admin','','Y','N'),('60f818c573490f07606b3a49d586f542','zone_id','input','N','60f788a936131fbe52aea7a273d5457a',NULL,'string',NULL,'2021-07-21 20:53:25','admin','2021-09-26 14:20:05','admin','','Y','N'),('60f818e520b9e7c059dcfa14ff5dbf17','route_table_id','output','N','60f788a936131fbe52aea7a273d5457a',NULL,'string',NULL,'2021-07-21 20:53:57','admin','2021-09-26 14:20:05','admin','','N','N'),('60f818eef0582a4a858704b4c11d444d','cidr','output','N','60f788a936131fbe52aea7a273d5457a',NULL,'string',NULL,'2021-07-21 20:54:06','admin','2021-09-26 14:20:05','admin','','N','N'),('60f818f489f72d5151e461b1a6236f88','tags','output','N','60f788a936131fbe52aea7a273d5457a',NULL,'string',NULL,'2021-07-21 20:54:12','admin','2021-09-26 14:20:05','admin','','Y','N'),('60f818fd83810109c972b1614117fe7c','zone_id','output','N','60f788a936131fbe52aea7a273d5457a',NULL,'string',NULL,'2021-07-21 20:54:21','admin','2021-09-26 14:20:05','admin','','N','N'),('60f819030678426d3f13b98a03d246ca','name','output','N','60f788a936131fbe52aea7a273d5457a',NULL,'string',NULL,'2021-07-21 20:54:27','admin','2021-09-26 14:20:05','admin','','N','N'),('60f8190b7a6efd6a2e16495f92252e50','vpc_id','output','N','60f788a936131fbe52aea7a273d5457a',NULL,'string',NULL,'2021-07-21 20:54:35','admin','2021-09-26 14:20:05','admin','','N','N'),('60f81a7b906f7c7bac3f09accab19d23','tags','input','N','60f788dde519fa82e00cd5cbf4811cb6',NULL,'object',NULL,'2021-07-21 21:00:43','admin','2021-09-26 14:20:05','admin','','Y','N'),('60f81a80ab1f1c37369f23445fc737c8','name','input','N','60f788dde519fa82e00cd5cbf4811cb6',NULL,'string',NULL,'2021-07-21 21:00:48','admin','2021-09-26 14:20:05','admin','','N','N'),('60f81aa6679d547734b09a0c08fb237e','network_charge_type','input','N','60f788dde519fa82e00cd5cbf4811cb6','60f81aa3c65976f28caea35931b9fd9e','string',NULL,'2021-07-21 21:01:26','admin','2021-09-26 14:20:05','admin','','N','N'),('60f81c648430505c794c309c736cf04b','public_ip','output','N','60f788dde519fa82e00cd5cbf4811cb6',NULL,'string',NULL,'2021-07-21 21:08:52','admin','2021-09-26 14:20:05','admin','','N','N'),('60f81d45b03c057c49d99f7b51f7a9bc','public_ip','input','N','60f788e683c98f6b85f707821ac9d5a2',NULL,'string',NULL,'2021-07-21 21:12:37','admin','2021-09-26 14:20:05','admin','','Y','N'),('60f81d7058c24e8ca834ab2928e7b176','name','output','N','60f788e683c98f6b85f707821ac9d5a2',NULL,'string',NULL,'2021-07-21 21:13:20','admin','2021-09-26 14:20:05','admin','','N','N'),('60f81d75d5382d332cab72b90547318b','public_ip','output','N','60f788e683c98f6b85f707821ac9d5a2',NULL,'string',NULL,'2021-07-21 21:13:25','admin','2021-09-26 14:20:05','admin','','N','N'),('60f81d7df1141b088be25f6d14683aa9','tags','output','N','60f788e683c98f6b85f707821ac9d5a2',NULL,'object',NULL,'2021-07-21 21:13:33','admin','2021-09-26 14:20:05','admin','','Y','N'),('60f81d8518fddf20f3fce5e411cc98d2','network_charge_type','output','N','60f788e683c98f6b85f707821ac9d5a2','60f81aa3c65976f28caea35931b9fd9e','string',NULL,'2021-07-21 21:13:41','admin','2021-09-26 14:20:05','admin','','N','N'),('60f81d98013aaf18c557e726f0e30f6c','vpc_id','input','N','60f79225ca7ed43a605c2ab13c8d10f0',NULL,'string',NULL,'2021-07-21 21:14:00','admin','2021-09-26 14:20:05','admin','','N','N'),('60f81f0dc23691f6040601ebae83b2d1','peer_vpc_owner_id','input','N','60f79225ca7ed43a605c2ab13c8d10f0',NULL,'string',NULL,'2021-07-21 21:20:13','admin','2021-09-26 14:20:05','admin','','Y','N'),('60f81f433c33c7c88c8747442e308c18','tags','input','N','60f79225ca7ed43a605c2ab13c8d10f0',NULL,'object',NULL,'2021-07-21 21:21:07','admin','2021-09-26 14:20:05','admin','','Y','N'),('60f81f49d4039300573e0627e0a8d02a','name','input','N','60f79225ca7ed43a605c2ab13c8d10f0',NULL,'string',NULL,'2021-07-21 21:21:13','admin','2021-09-26 14:20:05','admin','','N','N'),('60f81fa982b5a60ddf21e5768f856ed5','vpc_id','input','N','60f79242a7c2c57819563fd20bee060f',NULL,'string',NULL,'2021-07-21 21:22:49','admin','2021-09-26 14:20:05','admin','','N','N'),('60f81fd315a098cf7255119fabce21c1','name','output','N','60f79242a7c2c57819563fd20bee060f',NULL,'string',NULL,'2021-07-21 21:23:31','admin','2021-09-26 14:20:05','admin','','N','N'),('60f81fd87481a759c0ce9ccc6275c5a6','vpc_id','output','N','60f79242a7c2c57819563fd20bee060f',NULL,'string',NULL,'2021-07-21 21:23:36','admin','2021-09-26 14:20:05','admin','','N','N'),('60f81fe04d2f33e231548f9230ac095d','peer_vpc_id','output','N','60f79242a7c2c57819563fd20bee060f',NULL,'string',NULL,'2021-07-21 21:23:44','admin','2021-09-26 14:20:05','admin','','N','N'),('60f81fe70df15ca89ad94f1576495356','tags','output','N','60f79242a7c2c57819563fd20bee060f',NULL,'object',NULL,'2021-07-21 21:23:51','admin','2021-09-26 14:20:05','admin','','Y','N'),('60f81ff15e0c34a2c45d56e7dc3bc0a3','peer_vpc_owner_id','output','N','60f79242a7c2c57819563fd20bee060f',NULL,'string',NULL,'2021-07-21 21:24:01','admin','2021-09-26 14:20:05','admin','','Y','N'),('60f82017e81c67d3717f75a6e0b2a49d','vpc_id','input','N','60f79293acabc0dc9d6f64e6937c862b',NULL,'string',NULL,'2021-07-21 21:24:39','admin','2021-09-26 14:20:05','admin','','N','N'),('60f8203659a4038bc1c8449907e0e47c','name','input','N','60f79293acabc0dc9d6f64e6937c862b',NULL,'string',NULL,'2021-07-21 21:25:10','admin','2021-09-26 14:20:05','admin','','N','N'),('60f8203dfc278bc8df7d1a9ae1aacdf0','tags','input','N','60f79293acabc0dc9d6f64e6937c862b',NULL,'object',NULL,'2021-07-21 21:25:17','admin','2021-09-26 14:20:05','admin','','Y','N'),('60f8216fc13db42368fd4eb709839327','eip_ids','input','Y','60f79293acabc0dc9d6f64e6937c862b',NULL,'string',NULL,'2021-07-21 21:30:23','admin','2021-09-26 14:20:05','admin','','N','N'),('60f821832b269ae0a56733ba3fdedbb6','subnet_id','input','N','60f79293acabc0dc9d6f64e6937c862b',NULL,'string',NULL,'2021-07-21 21:30:43','admin','2021-09-26 14:20:05','admin','','Y','N'),('60f821ab1e9f9de5349f83673fcea75a','vpc_id','input','N','60f792ac09ebde0d1df1ed7e147ad0ee',NULL,'string',NULL,'2021-07-21 21:31:23','admin','2021-09-26 14:20:05','admin','','N','N'),('60f82205a478a7f11d8c08504839b893','eip_ids','output','Y','60f792ac09ebde0d1df1ed7e147ad0ee',NULL,'string',NULL,'2021-07-21 21:32:53','admin','2021-09-26 14:20:05','admin','','N','N'),('60f8220d0f69ce519f32c9ee8ed6c238','subnet_id','output','N','60f792ac09ebde0d1df1ed7e147ad0ee',NULL,'string',NULL,'2021-07-21 21:33:01','admin','2021-09-26 14:20:05','admin','','Y','N'),('60f82215f58973b0638d40dcd8dc6a60','tags','output','N','60f792ac09ebde0d1df1ed7e147ad0ee',NULL,'object',NULL,'2021-07-21 21:33:09','admin','2021-09-26 14:20:05','admin','','Y','N'),('60f8221ecea673a704db9d39b6030b43','name','output','N','60f792ac09ebde0d1df1ed7e147ad0ee',NULL,'string',NULL,'2021-07-21 21:33:18','admin','2021-09-26 14:20:05','admin','','N','N'),('60f822318d4d69abbd8f7d570cfc652c','vpc_id','output','N','60f792ac09ebde0d1df1ed7e147ad0ee',NULL,'string',NULL,'2021-07-21 21:33:37','admin','2021-09-26 14:20:05','admin','','N','N'),('60f82260171b747b876d8a1e4af56327','name','input','N','60f7976e46ea13e6886c88f7a4575995',NULL,'string',NULL,'2021-07-21 21:34:24','admin','2021-09-26 14:20:05','admin','','N','N'),('60f822671295d9952e08dae4987a71c0','tags','input','N','60f7976e46ea13e6886c88f7a4575995',NULL,'object',NULL,'2021-07-21 21:34:31','admin','2021-09-26 14:20:05','admin','','Y','N'),('60f822ed302b4c0d85cb01611d708efd','name','output','N','60f79781ccdf3ae796f5f13e3d0f78dc',NULL,'string',NULL,'2021-07-21 21:36:45','admin','2021-09-26 14:20:05','admin','','N','N'),('60f822f3121ad1bc343c71d0a5e8fead','tags','output','N','60f79781ccdf3ae796f5f13e3d0f78dc',NULL,'object',NULL,'2021-07-21 21:36:51','admin','2021-09-26 14:20:05','admin','','N','N'),('60f822ffa7bdd5e1a54abdef3b6f37ac','ccn_id','input','N','60f797b3490aa9b2ea2599cfe820f8ec',NULL,'string',NULL,'2021-07-21 21:37:03','admin','2021-09-26 14:20:05','admin','','N','N'),('60f82381fa59044fcac158410d79995f','instance_id','input','N','60f797b3490aa9b2ea2599cfe820f8ec',NULL,'string',NULL,'2021-07-21 21:39:13','admin','2021-09-26 14:20:05','admin','','N','N'),('60f823c0d3c95b1455b5e31d9fd5b454','ccn_owner_id','input','N','60f797b3490aa9b2ea2599cfe820f8ec',NULL,'string',NULL,'2021-07-21 21:40:16','admin','2021-09-26 14:20:05','admin','','Y','N'),('60f823fa56c54ff8f8a8f5e0d2e6d349','instance_type','input','N','60f797b3490aa9b2ea2599cfe820f8ec','60f823f7c9c40d2274c33937b4ba96ec','string',NULL,'2021-07-21 21:41:14','admin','2021-09-26 14:20:05','admin','','N','N'),('60f82437c669dea7bda742db02c28fbd','ccn_id','input','N','60f797c7857af8e0f478d294f71afd33',NULL,'string',NULL,'2021-07-21 21:42:15','admin','2021-09-26 14:20:05','admin','','N','N'),('60f8248a0655888feb35bdc4e617293f','instance_region_id','input','N','60f797b3490aa9b2ea2599cfe820f8ec',NULL,'string',NULL,'2021-07-21 21:43:38','admin','2021-09-26 14:20:05','admin','','N','N'),('60f825717a820484a5f04c631a639bfd','ccn_id','output','N','60f797c7857af8e0f478d294f71afd33',NULL,'string',NULL,'2021-07-21 21:47:29','admin','2021-09-26 14:20:05','admin','','N','N'),('60f825765636ff7084a20beef963f388','instance_id','output','N','60f797c7857af8e0f478d294f71afd33',NULL,'string',NULL,'2021-07-21 21:47:34','admin','2021-09-26 14:20:05','admin','','N','N'),('60f8257ce9a9f19c3fc7ff47432da0e8','instance_type','output','N','60f797c7857af8e0f478d294f71afd33','60f823f7c9c40d2274c33937b4ba96ec','string',NULL,'2021-07-21 21:47:40','admin','2021-09-26 14:20:05','admin','','N','N'),('60f825a61439d4a54ce71d45e267cbad','host_name','input','N','60f7980e5c77cf2155f66baa345eaeb0',NULL,'string',NULL,'2021-07-21 21:48:22','admin','2021-09-26 14:20:05','admin','','N','N'),('60f825af04c84f0db60828691ee9ef19','instance_name','input','N','60f7980e5c77cf2155f66baa345eaeb0',NULL,'string',NULL,'2021-07-21 21:48:31','admin','2021-09-26 14:20:05','admin','','N','N'),('60f825c86c8cadf70d3ee9dfdabb1c5a','instance_type','input','N','60f7980e5c77cf2155f66baa345eaeb0','60f825c53474e269e7824e06275dcee9','string',NULL,'2021-07-21 21:48:56','admin','2021-09-26 14:20:05','admin','','N','N'),('60f825ef35509d6600badaf8466bcc08','instance_image','input','N','60f7980e5c77cf2155f66baa345eaeb0','60f825ec62d8fadc53d6450cb991878c','string',NULL,'2021-07-21 21:49:35','admin','2021-09-26 14:20:05','admin','','N','N'),('60f825fc2a9db1fe159a187b66a2fff1','password','input','N','60f7980e5c77cf2155f66baa345eaeb0',NULL,'string',NULL,'2021-07-21 21:49:48','admin','2021-09-26 14:20:05','admin','','Y','N'),('60f82610e901b8c96a08fd1076a7a9ee','subnet_id','input','N','60f7980e5c77cf2155f66baa345eaeb0',NULL,'string',NULL,'2021-07-21 21:50:08','admin','2021-09-26 14:20:05','admin','','N','N'),('60f82623994b6d6d55bb989198b6c191','ip_address','input','N','60f7980e5c77cf2155f66baa345eaeb0',NULL,'string',NULL,'2021-07-21 21:50:27','admin','2021-09-26 14:20:05','admin','','Y','N'),('60f826595f22b3d97985de76a55d0099','instance_charge_type','input','N','60f7980e5c77cf2155f66baa345eaeb0','60f82656d47e59bf6b90129c15ba33ba','string',NULL,'2021-07-21 21:51:21','admin','2021-09-26 14:20:05','admin','','N','N'),('60f826953db4b525f432f9c64f8e5285','zone_id','input','N','60f7980e5c77cf2155f66baa345eaeb0',NULL,'string',NULL,'2021-07-21 21:52:21','admin','2021-09-26 14:20:05','admin','','N','N'),('60f826acfa723e8b5eb60a81c35899bc','basic_security_group_ids','input','Y','60f7980e5c77cf2155f66baa345eaeb0',NULL,'string',NULL,'2021-07-21 21:52:44','admin','2021-09-26 14:20:05','admin','','N','N'),('60f826b7c7a5e82516ad093b3f9c0008','app_security_group_ids','input','Y','60f7980e5c77cf2155f66baa345eaeb0',NULL,'string',NULL,'2021-07-21 21:52:55','admin','2021-09-26 14:20:05','admin','','Y','N'),('60f8273333b9f55702546cd831ff31e2','system_disk_size','input','N','60f7980e5c77cf2155f66baa345eaeb0',NULL,'int',NULL,'2021-07-21 21:54:59','admin','2021-09-26 14:20:05','admin','','N','N'),('60f8275a0d9f7300fb34772dcb6e1d65','system_disk_type','input','N','60f7980e5c77cf2155f66baa345eaeb0','60f82753a64701cb10fe3bcdc9fee496','string',NULL,'2021-07-21 21:55:38','admin','2021-09-26 14:20:05','admin','','N','N'),('60f827790c2c52bffc49f17f987ee2bf','tags','input','N','60f7980e5c77cf2155f66baa345eaeb0',NULL,'object',NULL,'2021-07-21 21:56:09','admin','2021-09-26 14:20:05','admin','','Y','N'),('60f8278b3a1fc0b70ddca6b36950d09e','ip_address','output','N','60f7980e5c77cf2155f66baa345eaeb0',NULL,'string',NULL,'2021-07-21 21:56:27','admin','2021-09-26 14:20:05','admin','','N','N'),('60f827955f1a1e984393667d6ba8c1f9','password','output','N','60f7980e5c77cf2155f66baa345eaeb0',NULL,'string',NULL,'2021-07-21 21:56:37','admin','2021-09-26 14:20:05','admin','','N','N'),('60f82d2b015d3bb40c39275630c2862f','vpc_id','input','N','60f7981980a0f351bf143e54638712fd',NULL,'string',NULL,'2021-07-21 22:20:27','admin','2021-09-26 14:20:05','admin','','N','N'),('60f82d3a249034ca041e163b0bb962a8','subnet_id','input','N','60f7981980a0f351bf143e54638712fd',NULL,'string',NULL,'2021-07-21 22:20:42','admin','2021-09-26 14:20:05','admin','','N','N'),('60f82d8b85f54674d8a3b9e6b6965287','resource_group_id','input','N','60f7980e5c77cf2155f66baa345eaeb0',NULL,'string',NULL,'2021-07-21 22:22:03','admin','2021-09-26 14:20:05','admin','','Y','N'),('60f82debf6f889917949a4acf7b5c846','host_name','output','N','60f7981980a0f351bf143e54638712fd',NULL,'string',NULL,'2021-07-21 22:23:39','admin','2021-09-26 14:20:05','admin','','Y','N'),('60f82df34e8aafde47bc70be10b2c18d','instance_name','output','N','60f7981980a0f351bf143e54638712fd',NULL,'string',NULL,'2021-07-21 22:23:47','admin','2021-09-26 14:20:05','admin','','N','N'),('60f82dfd9a1f993efd1cd3ae4d605ea7','instance_type','output','N','60f7981980a0f351bf143e54638712fd','60f825c53474e269e7824e06275dcee9','string',NULL,'2021-07-21 22:23:57','admin','2021-09-26 14:20:05','admin','','N','N'),('60f82e0b71286bcbadd78a095e31210f','instance_image','output','N','60f7981980a0f351bf143e54638712fd','60f825ec62d8fadc53d6450cb991878c','string',NULL,'2021-07-21 22:24:11','admin','2021-09-26 14:20:05','admin','','N','N'),('60f82e1b6b589aeb5eb8bbf7b2477091','subnet_id','output','N','60f7981980a0f351bf143e54638712fd',NULL,'string',NULL,'2021-07-21 22:24:27','admin','2021-09-26 14:20:05','admin','','N','N'),('60f82e24ae6a1fa00169129026fe8d8f','ip_address','output','N','60f7981980a0f351bf143e54638712fd',NULL,'string',NULL,'2021-07-21 22:24:36','admin','2021-09-26 14:20:05','admin','','N','N'),('60f82e2fb589e7f08457df21462c7a2a','instance_charge_type','output','N','60f7981980a0f351bf143e54638712fd','60f82656d47e59bf6b90129c15ba33ba','string',NULL,'2021-07-21 22:24:47','admin','2021-09-26 14:20:05','admin','','N','N'),('60f82e44b9ff3a935c3bfc8414604d5f','zone_id','output','N','60f7981980a0f351bf143e54638712fd',NULL,'string',NULL,'2021-07-21 22:25:08','admin','2021-09-26 14:20:05','admin','','N','N'),('60f82e5960442d8e0660d72531de6538','security_group_ids','output','Y','60f7981980a0f351bf143e54638712fd',NULL,'string',NULL,'2021-07-21 22:25:29','admin','2021-09-26 14:20:05','admin','','Y','N'),('60f82e86fcc6bcbce569db52342f2684','system_disk_size','output','N','60f7981980a0f351bf143e54638712fd',NULL,'int',NULL,'2021-07-21 22:26:14','admin','2021-09-26 14:20:05','admin','','N','N'),('60f82e9068ecccb742244984b393d75a','system_disk_type','output','N','60f7981980a0f351bf143e54638712fd','60f82753a64701cb10fe3bcdc9fee496','string',NULL,'2021-07-21 22:26:24','admin','2021-09-26 14:20:05','admin','','N','N'),('60f82e9a86438dd6370722a2cee2d809','tags','output','N','60f7981980a0f351bf143e54638712fd',NULL,'object',NULL,'2021-07-21 22:26:34','admin','2021-09-26 14:20:05','admin','','Y','N'),('60f82ea8ae73b602336e23e74ffd3519','resource_group_id','output','N','60f7981980a0f351bf143e54638712fd',NULL,'string',NULL,'2021-07-21 22:26:48','admin','2021-09-26 14:20:05','admin','','Y','N'),('60f8da05d3af29022bb050fc87c1e057','network_type','input','N','60f7997f2c7a8db75208a689c6274741','60f8db6ab7872b68b157df621730530b','string',NULL,'2021-07-22 10:37:57','admin','2021-09-26 14:20:05','admin','','N','N'),('60f8dbaf09b97565d5276fa05cbd13f8','name','input','N','60f7997f2c7a8db75208a689c6274741',NULL,'string',NULL,'2021-07-22 10:45:03','admin','2021-09-26 14:20:05','admin','','N','N'),('60f8dbb6f8d4e511173c5bf52842f049','tags','input','N','60f7997f2c7a8db75208a689c6274741',NULL,'object',NULL,'2021-07-22 10:45:10','admin','2021-09-26 14:20:05','admin','','Y','N'),('60f8dbc2b1631ddd20a06b073203684d','resource_group_id','input','N','60f7997f2c7a8db75208a689c6274741',NULL,'string',NULL,'2021-07-22 10:45:22','admin','2021-09-26 14:20:05','admin','','Y','N'),('60f8ddb732b3a8d4f3ee94aeb4b9a301','vpc_id','input','N','60f7997f2c7a8db75208a689c6274741',NULL,'string',NULL,'2021-07-22 10:53:43','admin','2021-09-26 14:20:05','admin','','Y','N'),('60f8ddbf3ac3135d1fea20074dd1159c','subnet_id','input','N','60f7997f2c7a8db75208a689c6274741',NULL,'string',NULL,'2021-07-22 10:53:51','admin','2021-09-26 14:20:05','admin','','Y','N'),('60f8dde8c4b340505e698d8a641126c6','network_charge_type','input','N','60f7997f2c7a8db75208a689c6274741','60f81aa3c65976f28caea35931b9fd9e','string',NULL,'2021-07-22 10:54:32','admin','2021-09-26 14:20:05','admin','','N','N'),('60f8ddffba56e0b89bec8d07a60828b4','ip_address','output','N','60f7997f2c7a8db75208a689c6274741',NULL,'string',NULL,'2021-07-22 10:54:55','admin','2021-09-26 14:20:05','admin','','N','N'),('60f8de2703281cd02fd6503f5aca82df','vpc_id','input','N','60f799882c7bc6eb181c55fa7641f77d',NULL,'string',NULL,'2021-07-22 10:55:35','admin','2021-09-26 14:20:05','admin','','Y','N'),('60f8de2e77c1b1fe8e05df7045b964a2','subnet_id','input','N','60f799882c7bc6eb181c55fa7641f77d',NULL,'string',NULL,'2021-07-22 10:55:42','admin','2021-09-26 14:20:05','admin','','Y','N'),('60f8de6aa8efe0bdd21afefb616315c2','resource_group_id','output','N','60f799882c7bc6eb181c55fa7641f77d',NULL,'string',NULL,'2021-07-22 10:56:42','admin','2021-09-26 14:20:05','admin','','Y','N'),('60f8de7036d2aa3fadde08d66c802617','vpc_id','output','N','60f799882c7bc6eb181c55fa7641f77d',NULL,'string',NULL,'2021-07-22 10:56:48','admin','2021-09-26 14:20:05','admin','','N','N'),('60f8de7a9996268309c70b83d43d754e','subnet_id','output','N','60f799882c7bc6eb181c55fa7641f77d',NULL,'string',NULL,'2021-07-22 10:56:58','admin','2021-09-26 14:20:05','admin','','Y','N'),('60f8de81d2eee0aa67cf1472067845cd','name','output','N','60f799882c7bc6eb181c55fa7641f77d',NULL,'string',NULL,'2021-07-22 10:57:05','admin','2021-09-26 14:20:05','admin','','N','N'),('60f8de88ecd83ce32d4adc25d1184106','tags','output','N','60f799882c7bc6eb181c55fa7641f77d',NULL,'object',NULL,'2021-07-22 10:57:12','admin','2021-09-26 14:20:05','admin','','Y','N'),('60f8de8f3506744c1e1d5a50027ac5f7','network_type','output','N','60f799882c7bc6eb181c55fa7641f77d','60f8db6ab7872b68b157df621730530b','string',NULL,'2021-07-22 10:57:19','admin','2021-09-26 14:20:05','admin','','N','N'),('60f8dea150e153c9cf76dad938817869','ip_address','output','N','60f799882c7bc6eb181c55fa7641f77d',NULL,'string',NULL,'2021-07-22 10:57:37','admin','2021-09-26 14:20:05','admin','','N','N'),('60f8dec2e06685ff20a3302af5e03475','network_charge_type','output','N','60f799882c7bc6eb181c55fa7641f77d','60f81aa3c65976f28caea35931b9fd9e','string',NULL,'2021-07-22 10:58:10','admin','2021-09-26 14:20:05','admin','','N','N'),('60f8dee0f58490e303c33c70d48ab57b','clb_id','input','N','60f79ae58a9f39aab30b9bb2e78e2614',NULL,'string',NULL,'2021-07-22 10:58:40','admin','2021-09-26 14:20:05','admin','','N','N'),('60f8def2168a7ab3692a3a0c07599bd1','port','input','N','60f79ae58a9f39aab30b9bb2e78e2614',NULL,'int',NULL,'2021-07-22 10:58:58','admin','2021-09-26 14:20:05','admin','','N','N'),('60f8dfa9d8d09c5b74a1400ae35ba827','protocol','input','N','60f79ae58a9f39aab30b9bb2e78e2614','60f8dfa508b5ffd419d1dbca99c913e0','string',NULL,'2021-07-22 11:02:01','admin','2021-09-26 14:20:05','admin','','N','N'),('60f8e52c4678d4f42999b9b709dbaceb','clb_id','input','N','60f79af7f8a0afae7bb34b1f7b436013',NULL,'string',NULL,'2021-07-22 11:25:32','admin','2021-09-26 14:20:05','admin','','N','N'),('60f8e58044ccfcebc8fced098b6c759c','clb_id','output','N','60f79af7f8a0afae7bb34b1f7b436013',NULL,'string',NULL,'2021-07-22 11:26:56','admin','2021-09-26 14:20:05','admin','','N','N'),('60f8e58621c4e0bddf4eb182309c312e','port','output','N','60f79af7f8a0afae7bb34b1f7b436013',NULL,'string',NULL,'2021-07-22 11:27:02','admin','2021-09-26 14:20:05','admin','','N','N'),('60f8e69e3c141d110c1282d29e6042f7','name','input','N','60f7b8634e4ad2c01e5d7cd6aab92241',NULL,'string',NULL,'2021-07-22 11:31:42','admin','2021-09-26 14:20:05','admin','','N','N'),('60f8e6b1ead336d26955959d1f2bba80','name','output','N','60f7b87977699ec19aa9d8c2c1ce654b',NULL,'string',NULL,'2021-07-22 11:32:01','admin','2021-09-26 14:20:05','admin','','N','N'),('60f8ed625ba9356239b481d8c605cec9','region_id','input','N','60f8ed62d9d7c2e871309698f45a7dce',NULL,'string',NULL,'2021-07-22 12:00:34','admin','2021-09-26 14:20:05','admin','system','N','N'),('60f8ed627e9ea8f451db0cba793f7293','asset_id','input','N','60f8ed62d9d7c2e871309698f45a7dce',NULL,'string',NULL,'2021-07-22 12:00:34','admin','2021-09-26 14:20:05','admin','system','N','N'),('60f8ed6287de7236bec93fe74b76507b','provider_info','input','N','60f8ed62d9d7c2e871309698f45a7dce',NULL,'string',NULL,'2021-07-22 12:00:34','admin','2021-09-26 14:20:05','admin','system','N','N'),('60f8ed6291afc5967327e107765e418e','id','input','N','60f8ed62d9d7c2e871309698f45a7dce',NULL,'string',NULL,'2021-07-22 12:00:34','admin','2021-09-26 14:20:05','admin','system','N','N'),('60f8ed62e0c795245f7a659198667681','asset_id','output','N','60f8ed62d9d7c2e871309698f45a7dce',NULL,'string',NULL,'2021-07-22 12:00:34','admin','2021-09-26 14:20:05','admin','system','N','N'),('60f8ed62edd0f8bffa2d5c25748a26f9','id','output','N','60f8ed62d9d7c2e871309698f45a7dce',NULL,'string',NULL,'2021-07-22 12:00:34','admin','2021-09-26 14:20:05','admin','system','N','N'),('60f8ed6d3659208d124f619048198874','asset_id','input','N','60f8ed6dacb56bc8c2c4bc81e643d513',NULL,'string',NULL,'2021-07-22 12:00:45','admin','2021-09-26 14:20:05','admin','system','Y','N'),('60f8ed6d408e1103ac92a8e1ddb2204c','region_id','input','N','60f8ed6dacb56bc8c2c4bc81e643d513',NULL,'string',NULL,'2021-07-22 12:00:45','admin','2021-09-26 14:20:05','admin','system','N','N'),('60f8ed6d4b06d0ce46a381e14f6e0d7d','provider_info','input','N','60f8ed6dacb56bc8c2c4bc81e643d513',NULL,'string',NULL,'2021-07-22 12:00:45','admin','2021-09-26 14:20:05','admin','system','N','N'),('60f8ed6d7d258f5b378666ebbeb26a7d','id','input','N','60f8ed6dacb56bc8c2c4bc81e643d513',NULL,'string',NULL,'2021-07-22 12:00:45','admin','2021-09-26 14:20:05','admin','system','Y','N'),('60f8ed6da66dbc9faeac2f6c2f52be89','id','output','N','60f8ed6dacb56bc8c2c4bc81e643d513',NULL,'string',NULL,'2021-07-22 12:00:45','admin','2021-09-26 14:20:05','admin','system','Y','N'),('60f8ed6dd332d66a61c5e3a045169bfb','asset_id','output','N','60f8ed6dacb56bc8c2c4bc81e643d513',NULL,'string',NULL,'2021-07-22 12:00:45','admin','2021-09-26 14:20:05','admin','system','N','N'),('60f8ed79504bfc0c317daceac57abc37','id','output','N','60f8ed798aedc1431cd825e500601a34',NULL,'string',NULL,'2021-07-22 12:00:57','admin','2021-09-26 14:20:05','admin','system','N','N'),('60f8ed79ab827ca72db500ea6d31363a','id','input','N','60f8ed798aedc1431cd825e500601a34',NULL,'string',NULL,'2021-07-22 12:00:57','admin','2021-09-26 14:20:05','admin','system','N','N'),('60f8ed79b01a406c7b5e381edbf2e6d2','region_id','input','N','60f8ed798aedc1431cd825e500601a34',NULL,'string',NULL,'2021-07-22 12:00:57','admin','2021-09-26 14:20:05','admin','system','N','N'),('60f8ed79ca8eb0689584d0c194040207','provider_info','input','N','60f8ed798aedc1431cd825e500601a34',NULL,'string',NULL,'2021-07-22 12:00:57','admin','2021-09-26 14:20:05','admin','system','N','N'),('60f8ed896350d7ccc9c13f7ce3a3b8ee','type','input','N','60f8ed62d9d7c2e871309698f45a7dce','60f82753a64701cb10fe3bcdc9fee496','string',NULL,'2021-07-22 12:01:13','admin','2021-09-26 14:20:05','admin','','N','N'),('60f8ed951541e466bd020d9a6559ce1e','size','input','N','60f8ed62d9d7c2e871309698f45a7dce',NULL,'int',NULL,'2021-07-22 12:01:25','admin','2021-09-26 14:20:05','admin','','N','N'),('60f8edafb37e08b663ff8e3f0dca8484','attach_instance_id','input','N','60f8ed62d9d7c2e871309698f45a7dce',NULL,'string',NULL,'2021-07-22 12:01:51','admin','2021-09-26 14:20:05','admin','','N','N'),('60f8ede9070d0d2baf20908da49e5f5c','name','input','N','60f8ed62d9d7c2e871309698f45a7dce',NULL,'string',NULL,'2021-07-22 12:02:49','admin','2021-09-26 14:20:05','admin','','N','N'),('60f8edf05bc66320a68141062c58d485','tags','input','N','60f8ed62d9d7c2e871309698f45a7dce',NULL,'object',NULL,'2021-07-22 12:02:56','admin','2021-09-26 14:20:05','admin','','Y','N'),('60f8ee6f6a67e84ff76f91ef5d911e4c','zone_id','input','N','60f8ed62d9d7c2e871309698f45a7dce',NULL,'string',NULL,'2021-07-22 12:05:03','admin','2021-09-26 14:20:05','admin','','N','N'),('60f8ef1d9f8a0863918654ae71450444','encrypted','input','N','60f8ed62d9d7c2e871309698f45a7dce','60f8ef1a9924dca62c149be2b2975cc6','string',NULL,'2021-07-22 12:07:57','admin','2021-09-26 14:20:05','admin','','Y','N'),('60f8ef83948989cd05062f092e860ddc','attach_instance_id','input','N','60f8ed6dacb56bc8c2c4bc81e643d513',NULL,'string',NULL,'2021-07-22 12:09:39','admin','2021-09-26 14:20:05','admin','','N','N'),('60f8ef93d9ced576bd4509f61551e1d4','zone_id','input','N','60f8ed6dacb56bc8c2c4bc81e643d513',NULL,'string',NULL,'2021-07-22 12:09:55','admin','2021-09-26 14:20:05','admin','','N','N'),('60f8efbd2c78617430c8ab75fc558481','attach_instance_id','output','N','60f8ed6dacb56bc8c2c4bc81e643d513',NULL,'string',NULL,'2021-07-22 12:10:37','admin','2021-09-26 14:20:05','admin','','Y','N'),('60f8efc22fbd8ea804ba67d13f761497','zone_id','output','N','60f8ed6dacb56bc8c2c4bc81e643d513',NULL,'string',NULL,'2021-07-22 12:10:42','admin','2021-09-26 14:20:05','admin','','N','N'),('60f8efc8f93023d5c0ba31c28b4086ce','tags','output','N','60f8ed6dacb56bc8c2c4bc81e643d513',NULL,'string',NULL,'2021-07-22 12:10:48','admin','2021-09-26 14:20:05','admin','','Y','N'),('60f8efcd84bd6a3b13065147bc2423c9','name','output','N','60f8ed6dacb56bc8c2c4bc81e643d513',NULL,'string',NULL,'2021-07-22 12:10:53','admin','2021-09-26 14:20:05','admin','','N','N'),('60f8efdc120713551906aa2392408e96','size','output','N','60f8ed6dacb56bc8c2c4bc81e643d513',NULL,'int',NULL,'2021-07-22 12:11:08','admin','2021-09-26 14:20:05','admin','','N','N'),('60f8efea6c080bcaeaf7b7431bd7de9b','type','output','N','60f8ed6dacb56bc8c2c4bc81e643d513','60f82753a64701cb10fe3bcdc9fee496','string',NULL,'2021-07-22 12:11:22','admin','2021-09-26 14:20:05','admin','','N','N'),('60f8eff804cd10d917a0b94c04a03f67','encrypted','output','N','60f8ed6dacb56bc8c2c4bc81e643d513','60f8ef1a9924dca62c149be2b2975cc6','string',NULL,'2021-07-22 12:11:36','admin','2021-09-26 14:20:05','admin','','Y','N'),('60fa224fa2d8b9b40ba8e6888c043ea8','name','input','N','60f7c0a2fec2e469966b10dadb07706b',NULL,'string',NULL,'2021-07-23 09:58:39','admin','2021-09-26 14:20:05','admin','','N','N'),('60fa226401c241ac7cd94e283c743432','resource_group_id','input','N','60f7c0a2fec2e469966b10dadb07706b',NULL,'string',NULL,'2021-07-23 09:59:00','admin','2021-09-26 14:20:05','admin','','Y','N'),('60fa226a8158c19eea66d8fce8733f6f','tags','input','N','60f7c0a2fec2e469966b10dadb07706b',NULL,'object',NULL,'2021-07-23 09:59:06','admin','2021-09-26 14:20:05','admin','','Y','N'),('60fa2491eb31d558f78d413767495847','acl','input','N','60f7c0a2fec2e469966b10dadb07706b','60fa248ed7fbc3a9ad560023b49c511f','string',NULL,'2021-07-23 10:08:17','admin','2021-09-26 14:20:05','admin','','N','N'),('60fa2501db01c00b42e6cd77c6ed80a5','cos_bucket_url','output','N','60f7c0a2fec2e469966b10dadb07706b',NULL,'string',NULL,'2021-07-23 10:10:09','admin','2021-09-26 14:20:05','admin','','N','N'),('60fa25bfaef9067cb74f2d9b3ac42982','resource_group_id','output','N','60f7c0abb5416cf9f915a762d3ced46d',NULL,'string',NULL,'2021-07-23 10:13:19','admin','2021-09-26 14:20:05','admin','','N','N'),('60fa25c504f106dab4528c10992ee4e1','name','output','N','60f7c0abb5416cf9f915a762d3ced46d',NULL,'string',NULL,'2021-07-23 10:13:25','admin','2021-09-26 14:20:05','admin','','N','N'),('60fa25cbbcaef006ed43bce1f946f324','tags','output','N','60f7c0abb5416cf9f915a762d3ced46d',NULL,'object',NULL,'2021-07-23 10:13:31','admin','2021-09-26 14:20:05','admin','','N','N'),('60fa25eb631f16fd4bff48e31c3d82d8','cos_bucket_url','output','N','60f7c0abb5416cf9f915a762d3ced46d',NULL,'string',NULL,'2021-07-23 10:14:03','admin','2021-09-26 14:20:05','admin','','N','N'),('60fa25ff6e2be350af2602a275f5c2fd','acl','output','N','60f7c0abb5416cf9f915a762d3ced46d','60fa248ed7fbc3a9ad560023b49c511f','string',NULL,'2021-07-23 10:14:23','admin','2021-09-26 14:20:05','admin','','N','N'),('60fa263cb25591fb31314199208cfc5f','name','input','N','60f7c634a4e9e01754f33380241c526c',NULL,'string',NULL,'2021-07-23 10:15:24','admin','2021-09-26 14:20:05','admin','','N','N'),('60fa28ccf4bc4d5928ac70af704a769e','remark','input','N','60f7c634a4e9e01754f33380241c526c',NULL,'string',NULL,'2021-07-23 10:26:20','admin','2021-09-26 14:20:05','admin','','Y','N'),('60fa4cd97b65880e62db60fabf220fde','instance_type','input','N','60f7997f2c7a8db75208a689c6274741','60f8da023455c402b822421d91134f76','string',NULL,'2021-07-23 13:00:09','admin','2021-09-26 14:20:05','admin','','Y','N'),('60fa4cf2217b7c58d50d1af3170bc5ab','instance_type','output','N','60f799882c7bc6eb181c55fa7641f77d','60f8da023455c402b822421d91134f76','string',NULL,'2021-07-23 13:00:34','admin','2021-09-26 14:20:05','admin','','Y','N'),('60fbc7233e18a254f1cf6d953f6894a2','app_security_group_ids','input','Y','60f7997f2c7a8db75208a689c6274741',NULL,'string',NULL,'2021-07-24 15:54:11','admin','2021-09-26 14:20:05','admin','custom','Y','N'),('60fbc7247a684e8a74c1db78b571e1b1','base_security_group_ids','input','Y','60f7997f2c7a8db75208a689c6274741',NULL,'string',NULL,'2021-07-24 15:54:12','admin','2021-09-26 14:20:05','admin','custom','N','N'),('60fbca7d3aa359d2c93891d40eff3151','security_group_ids','output','Y','60f799882c7bc6eb181c55fa7641f77d',NULL,'string',NULL,'2021-07-24 16:08:29','admin','2021-09-26 14:20:05','admin','custom','Y','N'),('60fbceac4c89142022b38fd45568f05e','name','input','N','60f79ae58a9f39aab30b9bb2e78e2614',NULL,'string',NULL,'2021-07-24 16:26:20','admin','2021-09-26 14:20:05','admin','custom','N','N'),('60fbd9ba4c0dc3967465f185e66036fe','charge_type','input','N','60f8ed62d9d7c2e871309698f45a7dce','60fbd9b7747360cc8622c8fc4e2d183e','string',NULL,'2021-07-24 17:13:30','admin','2021-09-26 14:20:05','admin','custom','N','N'),('60fbd9cb200daef7e1d90c182727a8e0','charge_type','output','N','60f8ed6dacb56bc8c2c4bc81e643d513','60fbd9b7747360cc8622c8fc4e2d183e','string',NULL,'2021-07-24 17:13:47','admin','2021-09-26 14:20:05','admin','custom','N','N'),('60fbdbe8d4c713c0b61b23508e5be301','secret_key','output','N','60f7c634a4e9e01754f33380241c526c',NULL,'string',NULL,'2021-07-24 17:22:48','admin','2021-09-26 14:20:05','admin','custom','Y','N'),('60fbdbe9bd5a20f5eb0acc2754cb5924','secret_id','output','N','60f7c634a4e9e01754f33380241c526c',NULL,'string',NULL,'2021-07-24 17:22:49','admin','2021-09-26 14:20:05','admin','custom','Y','N'),('60fbe24c4a7c55e26ad21a3684e0d98b','protocol','output','N','60f79af7f8a0afae7bb34b1f7b436013','60f8dfa508b5ffd419d1dbca99c913e0','string',NULL,'2021-07-24 17:50:04','admin','2021-09-26 14:20:05','admin','custom','N','N'),('60fbe2cfaa67525c8d3e79b0147327b7','name','output','N','60f79af7f8a0afae7bb34b1f7b436013',NULL,'string',NULL,'2021-07-24 17:52:15','admin','2021-09-26 14:20:05','admin','custom','N','N'),('60fbe531b0f785824c00d4bd510517ec','charge_type','input','N','60f7994873cd0069391acfa760d845d6','60f81ac4cc486501afa7da5bab9b29f3','string',NULL,'2021-07-24 18:02:25','admin','2021-09-26 14:20:05','admin','custom','N','N'),('60fbe532066cee3dc6ab620fd0e1c418','instance_name','input','N','60f7994873cd0069391acfa760d845d6',NULL,'string',NULL,'2021-07-24 18:02:26','admin','2021-09-26 14:20:05','admin','custom','N','N'),('60fbe544fa6ac74da9502f6648bb7da0','password','input','N','60f7994873cd0069391acfa760d845d6',NULL,'string',NULL,'2021-07-24 18:02:44','admin','2021-09-26 14:20:05','admin','custom','Y','Y'),('60fbe5da0aa187813acdf2a745a20dc1','engine_version','input','N','60f7994873cd0069391acfa760d845d6','60fbe60bafb681d73a0e8730e45b3b3c','string',NULL,'2021-07-24 18:05:14','admin','2021-09-26 14:20:05','admin','custom','N','N'),('60fbe5dadfce82748e94a7a2e444c9e3','instance_type','input','N','60f7994873cd0069391acfa760d845d6','60fbe620d13dca21711d144788d4df4b','string',NULL,'2021-07-24 18:05:14','admin','2021-09-26 14:20:05','admin','custom','N','N'),('60fbe63b681e76e5f2e585a036068009','subnet_id','input','N','60f7994873cd0069391acfa760d845d6',NULL,'string',NULL,'2021-07-24 18:06:51','admin','2021-09-26 14:20:05','admin','custom','N','N'),('60fbe64043156af36294d4549210fdcb','vpc_id','input','N','60f7994873cd0069391acfa760d845d6',NULL,'string',NULL,'2021-07-24 18:06:56','admin','2021-09-26 14:20:05','admin','custom','N','N'),('60fbe653c22f77deba841a40b0a61f22','vpc_id','input','N','60f7980e5c77cf2155f66baa345eaeb0',NULL,'string',NULL,'2021-07-24 18:07:15','admin','2021-09-26 14:20:05','admin','custom','N','N'),('60fbea400585d0fa2feebe033d357299','slave1_zone_id','input','N','60f7994873cd0069391acfa760d845d6',NULL,'string',NULL,'2021-07-24 18:24:00','admin','2021-09-26 14:20:05','admin','custom','Y','N'),('60fbea4351c5d120037ad167c499dade','zone_id','input','N','60f7994873cd0069391acfa760d845d6',NULL,'string',NULL,'2021-07-24 18:24:03','admin','2021-09-26 14:20:05','admin','custom','N','N'),('60fbea60cc8d12444d0e2785130d4065','slave2_zone_id','input','N','60f7994873cd0069391acfa760d845d6',NULL,'string',NULL,'2021-07-24 18:24:32','admin','2021-09-26 14:20:05','admin','custom','Y','N'),('60fbea876bf64319ecde7bff16d214e6','cluster_mode','input','N','60f7994873cd0069391acfa760d845d6','60fbea841942dd71af3fe08036edc4be','string',NULL,'2021-07-24 18:25:11','admin','2021-09-26 14:20:05','admin','custom','Y','N'),('60fbfa0a9dc925413428f885c3e92700','ip_address','input','N','60f7994873cd0069391acfa760d845d6',NULL,'string',NULL,'2021-07-24 19:31:22','admin','2021-09-26 14:20:05','admin','custom','Y','N'),('60fbfa1dc616a3063bc7cba985355a1c','password','output','N','60f7994873cd0069391acfa760d845d6',NULL,'string',NULL,'2021-07-24 19:31:41','admin','2021-09-26 14:20:05','admin','custom','N','Y'),('60fbfa27d9ba81d25c70680421d71090','ip_adsress','output','N','60f7994873cd0069391acfa760d845d6',NULL,'string',NULL,'2021-07-24 19:31:51','admin','2021-09-26 14:20:05','admin','custom','N','N'),('60fbfa37c586777e8b811a338c45d979','port','input','N','60f7994873cd0069391acfa760d845d6',NULL,'int',NULL,'2021-07-24 19:32:07','admin','2021-09-26 14:20:05','admin','custom','Y','N'),('60fe11a704b84114ae6c82b1431b246f','disk_size','input','N','60f7994873cd0069391acfa760d845d6',NULL,'int',NULL,'2021-07-26 09:36:39','admin','2021-09-26 14:20:05','admin','custom','N','N'),('60fe120a9c65185714b80d4e36921af6','basic_security_group_ids','input','Y','60f7994873cd0069391acfa760d845d6',NULL,'string',NULL,'2021-07-26 09:38:18','admin','2021-09-26 14:20:05','admin','custom','N','N'),('60fe12170a53cd8a7d1b0810db9204d8','app_security_group_ids','input','Y','60f7994873cd0069391acfa760d845d6',NULL,'string',NULL,'2021-07-26 09:38:31','admin','2021-09-26 14:20:05','admin','custom','Y','N'),('60fe12e60667e4f4922b2307e853668b','subnet_id','input','N','60f79954846703e55eb2c6d27214263e',NULL,'string',NULL,'2021-07-26 09:41:58','admin','2021-09-26 14:20:05','admin','custom','N','N'),('60fe130c2d69542195b823d9570d93d7','tags','input','N','60f7994873cd0069391acfa760d845d6',NULL,'object',NULL,'2021-07-26 09:42:36','admin','2021-09-26 14:20:05','admin','custom','Y','N'),('60fe135ada3bad07f36752e4f233d618','resource_group_id','input','N','60f7994873cd0069391acfa760d845d6',NULL,'string',NULL,'2021-07-26 09:43:54','admin','2021-09-26 14:20:05','admin','custom','Y','N'),('60fe136da8f28218068f2fc49aea2717','instance_name','output','N','60f79954846703e55eb2c6d27214263e',NULL,'string',NULL,'2021-07-26 09:44:13','admin','2021-09-26 14:20:05','admin','custom','N','N'),('60fe1373f974d80636feaef1fa97b423','tags','output','N','60f79954846703e55eb2c6d27214263e',NULL,'object',NULL,'2021-07-26 09:44:19','admin','2021-09-26 14:20:05','admin','custom','Y','N'),('60fe137e921651c0f065d86048f73de5','instance_type','output','N','60f79954846703e55eb2c6d27214263e','60fbe620d13dca21711d144788d4df4b','string',NULL,'2021-07-26 09:44:30','admin','2021-09-26 14:20:05','admin','custom','N','N'),('60fe13905f01737ef9ee2789e84332a2','charge_type','output','N','60f79954846703e55eb2c6d27214263e','60f81ac4cc486501afa7da5bab9b29f3','string',NULL,'2021-07-26 09:44:48','admin','2021-09-26 14:20:05','admin','custom','N','N'),('60fe1398b2e35e7460f2774912ec5241','zone_id','output','N','60f79954846703e55eb2c6d27214263e',NULL,'string',NULL,'2021-07-26 09:44:56','admin','2021-09-26 14:20:05','admin','custom','N','N'),('60fe139f20a2e758639a02afbbd40175','vpc_id','output','N','60f79954846703e55eb2c6d27214263e',NULL,'string',NULL,'2021-07-26 09:45:03','admin','2021-09-26 14:20:05','admin','custom','N','N'),('60fe13af67f9b7b4ee1221eb0b00184e','subnet_id','output','N','60f79954846703e55eb2c6d27214263e',NULL,'string',NULL,'2021-07-26 09:45:19','admin','2021-09-26 14:20:05','admin','custom','N','N'),('60fe155e0ca0d9e96e1dad32eec26a0c','disk_size','output','N','60f79954846703e55eb2c6d27214263e',NULL,'int',NULL,'2021-07-26 09:52:30','admin','2021-09-26 14:20:05','admin','custom','N','N'),('60fe156beec0287376a9bab72c3b9c7e','security_group_ids','output','N','60f79954846703e55eb2c6d27214263e',NULL,'string',NULL,'2021-07-26 09:52:43','admin','2021-09-26 14:20:05','admin','custom','N','N'),('60fe158508f353fb35f7dbb6689a3cdc','ip_address','output','N','60f79954846703e55eb2c6d27214263e',NULL,'string',NULL,'2021-07-26 09:53:09','admin','2021-09-26 14:20:05','admin','custom','N','N'),('60fe158b51416625805e6efd53a09e00','port','output','N','60f79954846703e55eb2c6d27214263e',NULL,'string',NULL,'2021-07-26 09:53:15','admin','2021-09-26 14:20:05','admin','custom','N','N'),('60fe159e9462ab941561fcc8a7bcbb06','engine_version','output','N','60f79954846703e55eb2c6d27214263e','60fbe60bafb681d73a0e8730e45b3b3c','string',NULL,'2021-07-26 09:53:34','admin','2021-09-26 14:20:05','admin','custom','N','N'),('60fe15a935432fdedc1b098243aeb817','cluster_mode','output','N','60f79954846703e55eb2c6d27214263e','60fbea841942dd71af3fe08036edc4be','string',NULL,'2021-07-26 09:53:45','admin','2021-09-26 14:20:05','admin','custom','Y','N'),('60fe15bea7cf6ce966ff50b4bbf85f2a','slave2_zone_id','output','N','60f79954846703e55eb2c6d27214263e',NULL,'string',NULL,'2021-07-26 09:54:06','admin','2021-09-26 14:20:05','admin','custom','Y','N'),('60fe15bfdb6a22100445b3d2952e2455','slave1_zone_id','output','N','60f79954846703e55eb2c6d27214263e',NULL,'string',NULL,'2021-07-26 09:54:07','admin','2021-09-26 14:20:05','admin','custom','Y','N'),('60fe15df66ff7b32767901d8a57b5359','resource_group_id','output','N','60f79954846703e55eb2c6d27214263e',NULL,'',NULL,'2021-07-26 09:54:39','admin','2021-09-26 14:20:05','admin','custom','Y','N'),('60fe16f968e0aa10e0f7613035fe06be','id','input','N','60fe16f95e62032566847a42b58a9504',NULL,'string',NULL,'2021-07-26 09:59:21','admin','2021-09-26 14:20:05','admin','system','N','N'),('60fe16f9909cd929691c9a190f39a515','asset_id','output','N','60fe16f95e62032566847a42b58a9504',NULL,'string',NULL,'2021-07-26 09:59:21','admin','2021-09-26 14:20:05','admin','system','N','N'),('60fe16f99891f2c507b66dd453865214','region_id','input','N','60fe16f95e62032566847a42b58a9504',NULL,'string',NULL,'2021-07-26 09:59:21','admin','2021-09-26 14:20:05','admin','system','N','N'),('60fe16f9ca7e685940ff4e07bf5bd433','asset_id','input','N','60fe16f95e62032566847a42b58a9504',NULL,'string',NULL,'2021-07-26 09:59:21','admin','2021-09-26 14:20:05','admin','system','N','N'),('60fe16f9dd8e7ce156d930a4450a13cd','id','output','N','60fe16f95e62032566847a42b58a9504',NULL,'string',NULL,'2021-07-26 09:59:21','admin','2021-09-26 14:20:05','admin','system','N','N'),('60fe16f9f750b0963ed4cb88f2eec597','provider_info','input','N','60fe16f95e62032566847a42b58a9504',NULL,'string',NULL,'2021-07-26 09:59:21','admin','2021-09-26 14:20:05','admin','system','N','N'),('60fe171331ef20ac4f753db128041fc1','region_id','input','N','60fe171353729f85905d6f77e10eecdb',NULL,'string',NULL,'2021-07-26 09:59:47','admin','2021-09-26 14:20:05','admin','system','N','N'),('60fe1713be7ba097ac50e8d753096f20','provider_info','input','N','60fe171353729f85905d6f77e10eecdb',NULL,'string',NULL,'2021-07-26 09:59:47','admin','2021-09-26 14:20:05','admin','system','N','N'),('60fe1713dd36b7d236015e69cd8b7282','id','output','N','60fe171353729f85905d6f77e10eecdb',NULL,'string',NULL,'2021-07-26 09:59:47','admin','2021-09-26 14:20:05','admin','system','Y','N'),('60fe1713e1c48748b8125f415c77b14a','id','input','N','60fe171353729f85905d6f77e10eecdb',NULL,'string',NULL,'2021-07-26 09:59:47','admin','2021-09-26 14:20:05','admin','system','Y','N'),('60fe1713eb276366f593c66da1338efc','asset_id','output','N','60fe171353729f85905d6f77e10eecdb',NULL,'string',NULL,'2021-07-26 09:59:47','admin','2021-09-26 14:20:05','admin','system','N','N'),('60fe1713ec6a0d1e3b1de276cdaf4021','asset_id','input','N','60fe171353729f85905d6f77e10eecdb',NULL,'string',NULL,'2021-07-26 09:59:47','admin','2021-09-26 14:20:05','admin','system','Y','N'),('60fe17240233603d3ed71255957a7753','id','input','N','60fe1724ba1ff4be3590d9b45576bcf9',NULL,'string',NULL,'2021-07-26 10:00:04','admin','2021-09-26 14:20:05','admin','system','N','N'),('60fe17243d95924de6be623461dc38fa','region_id','input','N','60fe1724ba1ff4be3590d9b45576bcf9',NULL,'string',NULL,'2021-07-26 10:00:04','admin','2021-09-26 14:20:05','admin','system','N','N'),('60fe17245afb1279df461e6364dad6cc','provider_info','input','N','60fe1724ba1ff4be3590d9b45576bcf9',NULL,'string',NULL,'2021-07-26 10:00:04','admin','2021-09-26 14:20:05','admin','system','N','N'),('60fe172480d15b7c3edaa85fe02606d3','id','output','N','60fe1724ba1ff4be3590d9b45576bcf9',NULL,'string',NULL,'2021-07-26 10:00:04','admin','2021-09-26 14:20:05','admin','system','N','N'),('60fe1771dfe5462736318f5e3af1d7f3','rule_path','input','N','60fe16f95e62032566847a42b58a9504',NULL,'string',NULL,'2021-07-26 10:01:21','admin','2021-09-26 14:20:05','admin','custom','N','N'),('60fe1aab13352cb67d208739ecc2fb4a','target_group_id','input','N','60fe16f95e62032566847a42b58a9504',NULL,'string',NULL,'2021-07-26 10:15:07','admin','2021-09-26 14:20:05','admin','custom','N','N'),('60fe1c73ace6289ec1e4bd696af04260','clb_listener_id','input','N','60fe16f95e62032566847a42b58a9504',NULL,'string',NULL,'2021-07-26 10:22:43','admin','2021-09-26 14:20:05','admin','custom','N','N'),('60fe1d404c2881e52ef7ad4cbe535cfb','health_check_http_path','input','N','60fe16f95e62032566847a42b58a9504',NULL,'string',NULL,'2021-07-26 10:26:08','admin','2021-09-26 14:20:05','admin','custom','N','N'),('60fe1de6021f70b08be05936ad3d4f0b','protocol','input','N','60fe16f95e62032566847a42b58a9504','60f8dfa508b5ffd419d1dbca99c913e0','string',NULL,'2021-07-26 10:28:54','admin','2021-09-26 14:20:05','admin','custom','N','N'),('60fe1e5af1db22ece0c574b09eef6c13','domain','input','N','60fe16f95e62032566847a42b58a9504',NULL,'string',NULL,'2021-07-26 10:30:50','admin','2021-09-26 14:20:05','admin','custom','N','N'),('6100d2c6848ef75037bdf7c7f1849cee','clb_listener_id','input','N','60fe171353729f85905d6f77e10eecdb',NULL,'string',NULL,'2021-07-28 11:45:10','admin','2021-09-26 14:20:05','admin','custom','N','N'),('610215fa84a4e7b4161078ccc24468c8','name','input','N','60f7c0abb5416cf9f915a762d3ced46d',NULL,'string',NULL,'2021-07-29 10:44:10','admin','2021-09-26 14:20:05','admin','custom','N','N'),('61021b20b6bca70bef647820e39475a4','source_type','input','N','60f7883a940eccaef9ade417d8ae6c34','61021b1d49882309607223db00eb4c6d','string',NULL,'2021-07-29 11:06:08','admin','2021-09-26 14:20:05','admin','custom','N','N'),('610239ed8f82872d10d98bc6db7384bc','charge_type','input','N','60f7976e46ea13e6886c88f7a4575995',NULL,'string',NULL,'2021-07-29 13:17:33','admin','2021-09-26 14:20:05','admin','custom','Y','N'),('61024c394fd81d4edd5157ecb13ad9aa','bandwidth','input','N','60f788dde519fa82e00cd5cbf4811cb6',NULL,'string',NULL,'2021-07-29 14:35:37','admin','2021-09-26 14:20:05','admin','custom','Y','N'),('61024c442e5e0d1ed4da6ac85c944435','bandwidth','output','N','60f788e683c98f6b85f707821ac9d5a2',NULL,'string',NULL,'2021-07-29 14:35:48','admin','2021-09-26 14:20:05','admin','custom','Y','N'),('610256161312a10cee03b9593f0cd27b','api','input','N','60f7c634a4e9e01754f33380241c526c',NULL,'string',NULL,'2021-07-29 15:17:42','admin','2021-09-26 14:20:05','admin','custom','Y','N'),('6102563ab426db134f2f30b05272da39','console','input','N','60f7c634a4e9e01754f33380241c526c',NULL,'string',NULL,'2021-07-29 15:18:18','admin','2021-09-26 14:20:05','admin','custom','Y','N'),('6102580f3434cfdad7f90de961d04976','document','input','N','60f7c634a4e9e01754f33380241c526c',NULL,'string',NULL,'2021-07-29 15:26:07','admin','2021-09-26 14:20:05','admin','custom','N','N'),('610259a8187b18c21f39dbaf316b244b','cos_bucket_id','input','N','60f7c634a4e9e01754f33380241c526c',NULL,'string',NULL,'2021-07-29 15:32:56','admin','2021-09-26 14:20:05','admin','custom','N','N'),('6108ed380908b8a9c6116853aeb95667','id','output','N','6108ed38e9c4eb387511c10093466ba7',NULL,'string',NULL,'2021-08-03 15:16:08','admin','2021-09-26 14:20:05','admin','system','Y','N'),('6108ed388be6e85bdf3d07572e6dce6f','asset_id','output','N','6108ed38e9c4eb387511c10093466ba7',NULL,'string',NULL,'2021-08-03 15:16:08','admin','2021-09-26 14:20:05','admin','system','N','N'),('6108ed389ba5f14d573f1bc8a2da119c','provider_info','input','N','6108ed38e9c4eb387511c10093466ba7',NULL,'string',NULL,'2021-08-03 15:16:08','admin','2021-09-26 14:20:05','admin','system','N','N'),('6108ed389be85e4354bd1f20ed5a7d23','asset_id','input','N','6108ed38e9c4eb387511c10093466ba7',NULL,'string',NULL,'2021-08-03 15:16:08','admin','2021-09-26 14:20:05','admin','system','Y','N'),('6108ed38b6d77bab8233129c1064300b','region_id','input','N','6108ed38e9c4eb387511c10093466ba7',NULL,'string',NULL,'2021-08-03 15:16:08','admin','2021-09-26 14:20:05','admin','system','N','N'),('6108ed38bfd422281475cb4c3bf06aa0','id','input','N','6108ed38e9c4eb387511c10093466ba7',NULL,'string',NULL,'2021-08-03 15:16:08','admin','2021-09-26 14:20:05','admin','system','Y','N'),('6108ed4c5a8973418d737008ea878349','region_id','input','N','6108ed4c81b2ab29e3e51c96e5e461f1',NULL,'string',NULL,'2021-08-03 15:16:28','admin','2021-09-26 14:20:05','admin','system','N','N'),('6108ed4c6d1c2778c372a9f2cb4302ed','id','input','N','6108ed4c81b2ab29e3e51c96e5e461f1',NULL,'string',NULL,'2021-08-03 15:16:28','admin','2021-09-26 14:20:05','admin','system','N','N'),('6108ed4c9be25b87efb2f51531f6cdf7','id','output','N','6108ed4c81b2ab29e3e51c96e5e461f1',NULL,'string',NULL,'2021-08-03 15:16:28','admin','2021-09-26 14:20:05','admin','system','N','N'),('6108ed4cb9d18825a9eabaf4f457e509','provider_info','input','N','6108ed4c81b2ab29e3e51c96e5e461f1',NULL,'string',NULL,'2021-08-03 15:16:28','admin','2021-09-26 14:20:05','admin','system','N','N'),('6108ed64043d063743e6039bb657630b','asset_id','output','N','6108ed642d96860815e16c4ccc8fcdf8',NULL,'string',NULL,'2021-08-03 15:16:52','admin','2021-09-26 14:20:05','admin','system','N','N'),('6108ed6410748627ff6bde9344218ab2','provider_info','input','N','6108ed642d96860815e16c4ccc8fcdf8',NULL,'string',NULL,'2021-08-03 15:16:52','admin','2021-09-26 14:20:05','admin','system','N','N'),('6108ed6477d618f6c6426c33527590b5','id','output','N','6108ed642d96860815e16c4ccc8fcdf8',NULL,'string',NULL,'2021-08-03 15:16:52','admin','2021-09-26 14:20:05','admin','system','N','N'),('6108ed6478839ce59c880f0a65a8fd0c','region_id','input','N','6108ed642d96860815e16c4ccc8fcdf8',NULL,'string',NULL,'2021-08-03 15:16:52','admin','2021-09-26 14:20:05','admin','system','N','N'),('6108ed64ec399fe069806db7345ea073','asset_id','input','N','6108ed642d96860815e16c4ccc8fcdf8',NULL,'string',NULL,'2021-08-03 15:16:52','admin','2021-09-26 14:20:05','admin','system','N','N'),('6108ed64f199caa1f6b5e67113a53a2b','id','input','N','6108ed642d96860815e16c4ccc8fcdf8',NULL,'string',NULL,'2021-08-03 15:16:52','admin','2021-09-26 14:20:05','admin','system','N','N'),('6108f1bb33b53ec2c8c91e7b2813056d','target_group_id','input','N','60f79ae58a9f39aab30b9bb2e78e2614',NULL,'string',NULL,'2021-08-03 15:35:23','admin','2021-09-26 14:20:05','admin','custom','Y','N'),('6108f293e9902d43b385c9955661af2e','target_group_id','output','N','60f79af7f8a0afae7bb34b1f7b436013',NULL,'string',NULL,'2021-08-03 15:38:59','admin','2021-09-26 14:20:05','admin','custom','Y','N'),('6108f2a92699d5af97ba60e1af8420e5','name','input','N','6108ed642d96860815e16c4ccc8fcdf8',NULL,'string',NULL,'2021-08-03 15:39:21','admin','2021-09-26 14:20:05','admin','custom','N','N'),('6108f2c16c7892df3cb86234e7f8b93c','targets','input','Y','6108ed642d96860815e16c4ccc8fcdf8',NULL,'object',NULL,'2021-08-03 15:39:45','admin','2021-09-26 14:20:05','admin','custom','N','N'),('6108f2cd789c705cbbe5429dcdcb136e','instance_id','input','N','6108ed642d96860815e16c4ccc8fcdf8',NULL,'string','6108f2c16c7892df3cb86234e7f8b93c','2021-08-03 15:39:57','admin','2021-09-26 14:20:05','admin','custom','N','N'),('6108f2d82112ed09c4003b0eeb9462e8','port','input','N','6108ed642d96860815e16c4ccc8fcdf8',NULL,'string','6108f2c16c7892df3cb86234e7f8b93c','2021-08-03 15:40:08','admin','2021-09-26 14:20:05','admin','custom','N','N'),('6108f2e0cbaf74bb4888c925354a7124','weight','input','N','6108ed642d96860815e16c4ccc8fcdf8',NULL,'string','6108f2c16c7892df3cb86234e7f8b93c','2021-08-03 15:40:16','admin','2021-09-26 14:20:05','admin','custom','Y','N'),('6108f506b4ce0ca25ec89329b7ff8c9d','name','output','N','6108ed38e9c4eb387511c10093466ba7',NULL,'string',NULL,'2021-08-03 15:49:26','admin','2021-09-26 14:20:05','admin','custom','N','N'),('6108f5124d9cb626d2642ad9260b64ea','targets','output','Y','6108ed38e9c4eb387511c10093466ba7',NULL,'object',NULL,'2021-08-03 15:49:38','admin','2021-09-26 14:20:05','admin','custom','N','N'),('6108f533770dd0adf5c55285c4acb427','instance_id','output','N','6108ed38e9c4eb387511c10093466ba7',NULL,'string','6108f5124d9cb626d2642ad9260b64ea','2021-08-03 15:50:11','admin','2021-09-26 14:20:05','admin','custom','N','N'),('6108f55b436cb9698242316ea2fb87cf','port','output','N','6108ed38e9c4eb387511c10093466ba7',NULL,'string','6108f5124d9cb626d2642ad9260b64ea','2021-08-03 15:50:51','admin','2021-09-26 14:20:05','admin','custom','N','N'),('6108f5a74a29bae3f43ab429aa8884e0','weight','output','N','6108ed38e9c4eb387511c10093466ba7',NULL,'string','6108f5124d9cb626d2642ad9260b64ea','2021-08-03 15:52:07','admin','2021-09-26 14:20:05','admin','custom','Y','N'),('6108f60ed6ae0f6da37f569bafdce5dd','backend_id','output','N','6108ed38e9c4eb387511c10093466ba7',NULL,'string','6108f5124d9cb626d2642ad9260b64ea','2021-08-03 15:53:50','admin','2021-09-26 14:20:05','admin','custom','N','N'),('6108f726677976e3310fca43beda29b6','clb_listener_id','output','N','60fe171353729f85905d6f77e10eecdb',NULL,'',NULL,'2021-08-03 15:58:30','admin','2021-09-26 14:20:05','admin','custom','N','N'),('6108f737e8aa2d633af9443120da3426','target_group_id','output','N','60fe171353729f85905d6f77e10eecdb',NULL,'string',NULL,'2021-08-03 15:58:47','admin','2021-09-26 14:20:05','admin','custom','N','N'),('6108f75766118d014f4ed0e668ab8870','domain','output','N','60fe171353729f85905d6f77e10eecdb',NULL,'string',NULL,'2021-08-03 15:59:19','admin','2021-09-26 14:20:05','admin','custom','N','N'),('6108f772d703a44ca496417de1c1a16a','protocol','output','N','60fe171353729f85905d6f77e10eecdb','6108f0b1a64d1c3d7cba05a809d0519b','string',NULL,'2021-08-03 15:59:46','admin','2021-09-26 14:20:05','admin','custom','N','N'),('6108f7830754c70c65a2f44b16fc9fde','health_check_http_path','output','N','60fe171353729f85905d6f77e10eecdb',NULL,'string',NULL,'2021-08-03 16:00:03','admin','2021-09-26 14:20:05','admin','custom','N','N'),('6108f7922f733157c0489ead5399f4e4','rule_path','output','N','60fe171353729f85905d6f77e10eecdb',NULL,'string',NULL,'2021-08-03 16:00:18','admin','2021-09-26 14:20:05','admin','custom','N','N'),('61092765dba065d02ae2fe86690a8ef5','clb_id','input','N','60fe16f95e62032566847a42b58a9504',NULL,'string',NULL,'2021-08-03 19:24:21','admin','2021-09-26 14:20:05','admin','custom','N','N'),('6109276faeab7070d5e2b00d1eb2adf2','clb_id','output','N','60fe171353729f85905d6f77e10eecdb',NULL,'string',NULL,'2021-08-03 19:24:31','admin','2021-09-26 14:20:05','admin','custom','N','N'),('61092782f4cd11cf62b72468a77ea974','port','output','N','60fe171353729f85905d6f77e10eecdb',NULL,'string',NULL,'2021-08-03 19:24:50','admin','2021-09-26 14:20:05','admin','custom','N','N'),('610a06100ec6a11178788160a6e57e8c','region_id','input','N','610a0610fcc9879591e9fc40ac056af6',NULL,'string',NULL,'2021-08-04 11:14:24','admin','2021-09-26 14:20:05','admin','system','N','N'),('610a06104874260a5fec9a0b3ae56350','id','output','N','610a0610fcc9879591e9fc40ac056af6',NULL,'string',NULL,'2021-08-04 11:14:24','admin','2021-09-26 14:20:05','admin','system','N','N'),('610a06109024404bb9525cc211bfc609','id','input','N','610a0610fcc9879591e9fc40ac056af6',NULL,'string',NULL,'2021-08-04 11:14:24','admin','2021-09-26 14:20:05','admin','system','N','N'),('610a061098ab443995bbfc8e3e0f6c3d','asset_id','output','N','610a0610fcc9879591e9fc40ac056af6',NULL,'string',NULL,'2021-08-04 11:14:24','admin','2021-09-26 14:20:05','admin','system','N','N'),('610a0610b16ee89a63679b6cf8a3e0ff','asset_id','input','N','610a0610fcc9879591e9fc40ac056af6',NULL,'string',NULL,'2021-08-04 11:14:24','admin','2021-09-26 14:20:05','admin','system','N','N'),('610a0610e935778e42b570b3ef03de28','provider_info','input','N','610a0610fcc9879591e9fc40ac056af6',NULL,'string',NULL,'2021-08-04 11:14:24','admin','2021-09-26 14:20:05','admin','system','N','N'),('610a06237d67fe3baede3e6e6a93b1f1','asset_id','output','N','610a06237bf7950e61c7811d6696ae6a',NULL,'string',NULL,'2021-08-04 11:14:43','admin','2021-09-26 14:20:05','admin','system','N','N'),('610a062385296cbfb5f8bd007b30c06a','region_id','input','N','610a06237bf7950e61c7811d6696ae6a',NULL,'string',NULL,'2021-08-04 11:14:43','admin','2021-09-26 14:20:05','admin','system','N','N'),('610a062388c43107cb095a6aeb381818','provider_info','input','N','610a06237bf7950e61c7811d6696ae6a',NULL,'string',NULL,'2021-08-04 11:14:43','admin','2021-09-26 14:20:05','admin','system','N','N'),('610a0623b1fba60cf61b2e8d87c1728d','id','output','N','610a06237bf7950e61c7811d6696ae6a',NULL,'string',NULL,'2021-08-04 11:14:43','admin','2021-09-26 14:20:05','admin','system','Y','N'),('610a0623c8d92e0ea472a23b60e57a40','id','input','N','610a06237bf7950e61c7811d6696ae6a',NULL,'string',NULL,'2021-08-04 11:14:43','admin','2021-09-26 14:20:05','admin','system','Y','N'),('610a0623cbee187a5b72e5f41148c475','asset_id','input','N','610a06237bf7950e61c7811d6696ae6a',NULL,'string',NULL,'2021-08-04 11:14:43','admin','2021-09-26 14:20:05','admin','system','Y','N'),('610a063c07a694c4fe943c531abfb584','provider_info','input','N','610a063c1d3712fbaaca61e8c2fdf658',NULL,'string',NULL,'2021-08-04 11:15:08','admin','2021-09-26 14:20:05','admin','system','N','N'),('610a063c1e28a7dc367899180552f402','id','output','N','610a063c1d3712fbaaca61e8c2fdf658',NULL,'string',NULL,'2021-08-04 11:15:08','admin','2021-09-26 14:20:05','admin','system','N','N'),('610a063cd054c98897042f599fd36d45','region_id','input','N','610a063c1d3712fbaaca61e8c2fdf658',NULL,'string',NULL,'2021-08-04 11:15:08','admin','2021-09-26 14:20:05','admin','system','N','N'),('610a063cd3a5f7ae4e9e3bd044596ed1','id','input','N','610a063c1d3712fbaaca61e8c2fdf658',NULL,'string',NULL,'2021-08-04 11:15:08','admin','2021-09-26 14:20:05','admin','system','N','N'),('610a0b0033974dff06437d7f1a27a249','subnet_id','input','N','610a0610fcc9879591e9fc40ac056af6',NULL,'string',NULL,'2021-08-04 11:35:28','admin','2021-09-26 14:20:05','admin','custom','N','N'),('610a0b0b2e4bf81ff4b7b3dd9c16220b','password','input','N','610a0610fcc9879591e9fc40ac056af6',NULL,'string',NULL,'2021-08-04 11:35:39','admin','2021-09-26 14:20:05','admin','custom','Y','Y'),('610a0b2decb56b5c7c00f50bd963acdb','instance_type','input','N','610a0610fcc9879591e9fc40ac056af6','610a0b2972f4cd9e7616add286c41ab7','string',NULL,'2021-08-04 11:36:13','admin','2021-09-26 14:20:05','admin','custom','N','N'),('610a0b5973045242f81bc5f0abf11f9c','charge_type','input','N','610a0610fcc9879591e9fc40ac056af6','60f81ac4cc486501afa7da5bab9b29f3','string',NULL,'2021-08-04 11:36:57','admin','2021-09-26 14:20:05','admin','custom','N','N'),('610a0b6ced742467f188d665ca898712','zone_id','input','N','610a0610fcc9879591e9fc40ac056af6',NULL,'string',NULL,'2021-08-04 11:37:16','admin','2021-09-26 14:20:05','admin','custom','N','N'),('610a0b7bc43d8c8e3932cbd506fe4759','name','input','N','610a0610fcc9879591e9fc40ac056af6',NULL,'string',NULL,'2021-08-04 11:37:31','admin','2021-09-26 14:20:05','admin','custom','N','N'),('610a0b8f0cc33a6024f82c8a95c5ade4','resource_group_id','input','N','610a0610fcc9879591e9fc40ac056af6',NULL,'string',NULL,'2021-08-04 11:37:51','admin','2021-09-26 14:20:05','admin','custom','Y','N'),('610a0b9f5758b5d4ff7b12bf2178a5bc','port','input','N','610a0610fcc9879591e9fc40ac056af6',NULL,'string',NULL,'2021-08-04 11:38:07','admin','2021-09-26 14:20:05','admin','custom','Y','N'),('610a0eaa94ffa1133e102649a2ffaa8e','ip_address','input','N','610a0610fcc9879591e9fc40ac056af6',NULL,'string',NULL,'2021-08-04 11:51:06','admin','2021-09-26 14:20:05','admin','custom','Y','N'),('610a0ef0ad692de997ee1d42142b0c34','password','output','N','610a0610fcc9879591e9fc40ac056af6',NULL,'string',NULL,'2021-08-04 11:52:16','admin','2021-09-26 14:20:05','admin','custom','N','Y'),('610a0efe7f4946e3cdf049dc992ab1be','ip_address','output','N','610a0610fcc9879591e9fc40ac056af6',NULL,'string',NULL,'2021-08-04 11:52:30','admin','2021-09-26 14:20:05','admin','custom','N','N'),('610a114bf7893935bc4b2c0291f2a43f','subnet_id','input','N','610a06237bf7950e61c7811d6696ae6a',NULL,'string',NULL,'2021-08-04 12:02:19','admin','2021-09-26 14:20:05','admin','custom','N','N'),('610a1153061103b4b856152405960bdb','name','output','N','610a06237bf7950e61c7811d6696ae6a',NULL,'string',NULL,'2021-08-04 12:02:27','admin','2021-09-26 14:20:05','admin','custom','N','N'),('610a117123c0b776a4ef55773c267e0b','instance_type','output','N','610a06237bf7950e61c7811d6696ae6a','610a0b2972f4cd9e7616add286c41ab7','string',NULL,'2021-08-04 12:02:57','admin','2021-09-26 14:20:05','admin','custom','N','N'),('610a1179d07baceef1ccd9e8492ee047','subnet_id','output','N','610a06237bf7950e61c7811d6696ae6a',NULL,'string',NULL,'2021-08-04 12:03:05','admin','2021-09-26 14:20:05','admin','custom','N','N'),('610a11828391cfe03ffbc17ac6ffac6e','tags','output','N','610a06237bf7950e61c7811d6696ae6a',NULL,'object',NULL,'2021-08-04 12:03:14','admin','2021-09-26 14:20:05','admin','custom','Y','N'),('610a118f3462bcd7b653c56c7c79ec09','resourcce_group_id','output','N','610a06237bf7950e61c7811d6696ae6a',NULL,'string',NULL,'2021-08-04 12:03:27','admin','2021-09-26 14:20:05','admin','custom','Y','N'),('610a11ebe4dfcaeada87f4ca188eda57','instance_charge_type','output','N','610a06237bf7950e61c7811d6696ae6a','60f81ac4cc486501afa7da5bab9b29f3','string',NULL,'2021-08-04 12:04:59','admin','2021-09-26 14:20:05','admin','custom','N','N'),('610a11f698d2deb858867aeea515aff7','ip_address','output','N','610a06237bf7950e61c7811d6696ae6a',NULL,'string',NULL,'2021-08-04 12:05:10','admin','2021-09-26 14:20:05','admin','custom','N','N'),('610a121b489a4c461db6e6d7392a0d33','port','output','N','610a06237bf7950e61c7811d6696ae6a',NULL,'string',NULL,'2021-08-04 12:05:47','admin','2021-09-26 14:20:05','admin','custom','N','N'),('610a122347f7aa6549580152f3e9d8e4','zone_id','output','N','610a06237bf7950e61c7811d6696ae6a',NULL,'string',NULL,'2021-08-04 12:05:55','admin','2021-09-26 14:20:05','admin','custom','N','N'),('610a176630dd5e78157f81eb0c996116','tags','input','N','610a0610fcc9879591e9fc40ac056af6',NULL,'object',NULL,'2021-08-04 12:28:22','admin','2021-09-26 14:20:05','admin','custom','Y','N'),('610a44ca94734494db6e685ee0e1e274','clb_id','input','N','6108ed642d96860815e16c4ccc8fcdf8',NULL,'string',NULL,'2021-08-04 15:42:02','admin','2021-09-26 14:20:05','admin','custom','N','N'),('610a626e55a2c7012c3ca8a9537772bf','app_security_group_id','input','Y','610a0610fcc9879591e9fc40ac056af6',NULL,'string',NULL,'2021-08-04 17:48:30','admin','2021-09-26 14:20:05','admin','custom','Y','N'),('610a62915698d137f0fa24d2870567a6','basic_security_group_id','input','Y','610a0610fcc9879591e9fc40ac056af6',NULL,'string',NULL,'2021-08-04 17:49:05','admin','2021-09-26 14:20:05','admin','custom','N','N'),('610a62cc206f0adb5d11faf7cd6739e9','security_group_id','output','Y','610a06237bf7950e61c7811d6696ae6a',NULL,'string',NULL,'2021-08-04 17:50:04','admin','2021-09-26 14:20:05','admin','custom','Y','N'),('610b440142a38f4d2c086e540fc8825d','clb_id','input','N','6108ed38e9c4eb387511c10093466ba7',NULL,'string',NULL,'2021-08-05 09:50:57','admin','2021-09-26 14:20:05','admin','custom','N','N'),('61111cdcf0e86d0732ed47798edb6162','default_route_table_asset_id','output','N','60f7866b0f881956374fdd7cfdb53e2a',NULL,'string',NULL,'2021-08-09 12:17:32','admin','2021-09-26 14:20:05','admin','custom','Y','N'),('61111d1d87ce4afe35920291c6397bc7','default_route_table_asset_id','output','N','60f7867b94e465657397ea2d7bd0de5a',NULL,'string',NULL,'2021-08-09 12:18:37','admin','2021-09-26 14:20:05','admin','custom','Y','N'),('6111f99a845b8bb86d58675f4272178b','targets','input','Y','60fe16f95e62032566847a42b58a9504',NULL,'object',NULL,'2021-08-10 03:59:22','admin','2021-09-26 14:20:05','admin','custom','N','N'),('6111f9ab346dd72f8d9bc008b3559626','instance_id','input','N','60fe16f95e62032566847a42b58a9504',NULL,'string','6111f99a845b8bb86d58675f4272178b','2021-08-10 03:59:39','admin','2021-09-26 14:20:05','admin','custom','N','N'),('6111f9c4d70d1eb5401b281acfd1add4','port','input','N','60fe16f95e62032566847a42b58a9504',NULL,'string','6111f99a845b8bb86d58675f4272178b','2021-08-10 04:00:04','admin','2021-09-26 14:20:05','admin','custom','N','N'),('6111f9d2f0dc87393e6189af452eb20c','weight','input','N','60fe16f95e62032566847a42b58a9504',NULL,'string','6111f99a845b8bb86d58675f4272178b','2021-08-10 04:00:18','admin','2021-09-26 14:20:05','admin','custom','N','N'),('611cdb13eeb07d657f3edf2c1e40d379','root_block_device','input','N','60f7980e5c77cf2155f66baa345eaeb0',NULL,'object',NULL,'2021-08-18 18:04:03','admin','2021-09-26 14:20:05','admin','custom','N','N'),('611dd2ac33bd16e8dfc31b55ab90657f','region_id','input','N','611dd2acee4a0f80c1230c1585baad11',NULL,'string',NULL,'2021-08-19 11:40:28','admin','2021-09-26 14:20:05','admin','system','N','N'),('611dd2ac496dfae68f8207896f6bd421','asset_id','input','N','611dd2acee4a0f80c1230c1585baad11',NULL,'string',NULL,'2021-08-19 11:40:28','admin','2021-09-26 14:20:05','admin','system','N','N'),('611dd2ac783482b38f8a184356e77942','id','output','N','611dd2acee4a0f80c1230c1585baad11',NULL,'string',NULL,'2021-08-19 11:40:28','admin','2021-09-26 14:20:05','admin','system','N','N'),('611dd2aca3107a134810fedd6b55d503','asset_id','output','N','611dd2acee4a0f80c1230c1585baad11',NULL,'string',NULL,'2021-08-19 11:40:28','admin','2021-09-26 14:20:05','admin','system','N','N'),('611dd2acb16abd3b324836896850b36b','provider_info','input','N','611dd2acee4a0f80c1230c1585baad11',NULL,'string',NULL,'2021-08-19 11:40:28','admin','2021-09-26 14:20:05','admin','system','N','N'),('611dd2acfd660c52743b16c9528ab06b','id','input','N','611dd2acee4a0f80c1230c1585baad11',NULL,'string',NULL,'2021-08-19 11:40:28','admin','2021-09-26 14:20:05','admin','system','N','N'),('611dd2b44d56011bd89d2a957aa727b4','id','input','N','611dd2b4481ea223d9f7c497cacdef50',NULL,'string',NULL,'2021-08-19 11:40:36','admin','2021-09-26 14:20:05','admin','system','N','N'),('611dd2b4691467292ded369a40a40d76','id','output','N','611dd2b4481ea223d9f7c497cacdef50',NULL,'string',NULL,'2021-08-19 11:40:36','admin','2021-09-26 14:20:05','admin','system','N','N'),('611dd2b47c7d62af94951be647aa2fe9','provider_info','input','N','611dd2b4481ea223d9f7c497cacdef50',NULL,'string',NULL,'2021-08-19 11:40:36','admin','2021-09-26 14:20:05','admin','system','N','N'),('611dd2b4bc591c4836c3aec5458819b8','region_id','input','N','611dd2b4481ea223d9f7c497cacdef50',NULL,'string',NULL,'2021-08-19 11:40:36','admin','2021-09-26 14:20:05','admin','system','N','N'),('611dd2b944f536734e84f55114bfbde4','region_id','input','N','611dd2b9089053e588e7f6799c3fc4bf',NULL,'string',NULL,'2021-08-19 11:40:41','admin','2021-09-26 14:20:05','admin','system','N','N'),('611dd2b967e724ba3397a6e475f6552b','asset_id','input','N','611dd2b9089053e588e7f6799c3fc4bf',NULL,'string',NULL,'2021-08-19 11:40:41','admin','2021-09-26 14:20:05','admin','system','N','N'),('611dd2b9922e17ea35b76ca5eed82161','id','output','N','611dd2b9089053e588e7f6799c3fc4bf',NULL,'string',NULL,'2021-08-19 11:40:41','admin','2021-09-26 14:20:05','admin','system','N','N'),('611dd2b9af6f2280e99a23834577bd00','asset_id','output','N','611dd2b9089053e588e7f6799c3fc4bf',NULL,'string',NULL,'2021-08-19 11:40:41','admin','2021-09-26 14:20:05','admin','system','N','N'),('611dd2b9cdb5ff4ab9bc8442a41e6c04','id','input','N','611dd2b9089053e588e7f6799c3fc4bf',NULL,'string',NULL,'2021-08-19 11:40:41','admin','2021-09-26 14:20:05','admin','system','N','N'),('611dd2b9fd5b6b7580558d1094e024d5','provider_info','input','N','611dd2b9089053e588e7f6799c3fc4bf',NULL,'string',NULL,'2021-08-19 11:40:41','admin','2021-09-26 14:20:05','admin','system','N','N'),('611dd2ea63549ed8efa145f3ac4ac1f3','vpc_id','input','N','611dd2acee4a0f80c1230c1585baad11',NULL,'string',NULL,'2021-08-19 11:41:30','admin','2021-09-26 14:20:05','admin','custom','N','N'),('611dd2fa5d40c0efd4735320bbc9670c','tags','input','N','611dd2acee4a0f80c1230c1585baad11',NULL,'object',NULL,'2021-08-19 11:41:46','admin','2021-09-26 14:20:05','admin','custom','N','N'),('611e197ab4e15dc5995da071e019c149','peer_vpc_id','input','N','60f79225ca7ed43a605c2ab13c8d10f0',NULL,'string',NULL,'2021-08-19 16:42:34','admin','2021-09-26 14:20:05','admin','custom','N','N'),('611e1fdc6734009c3b2542cbcf29ccd2','auto_accept','input','N','60f79225ca7ed43a605c2ab13c8d10f0',NULL,'string',NULL,'2021-08-19 17:09:48','admin','2021-09-26 14:20:05','admin','custom','N','N'),('611e2b58aa324a58f9023b3609c93bac','device_name','input','N','60f8ed62d9d7c2e871309698f45a7dce',NULL,'string',NULL,'2021-08-19 17:58:48','admin','2021-09-26 14:20:05','admin','custom','N','N'),('611f163d3c9394b4b9e709e8bc13e518','ids','output','Y','60f7867b94e465657397ea2d7bd0de5a',NULL,'string',NULL,'2021-08-20 10:41:01','admin','2021-09-26 14:20:05','admin','custom','N','N'),('611f4ec37bda1d0739a3b42ad60cc2bd','ids','output','Y','60f78711ab326b3c8b612f76c56b5724',NULL,'string',NULL,'2021-08-20 14:42:11','admin','2021-09-26 14:20:05','admin','custom','N','N'),('611f58ccaea0d3698baf12fcc23e00e7','ids','output','Y','60f788a936131fbe52aea7a273d5457a',NULL,'string',NULL,'2021-08-20 15:25:00','admin','2021-09-26 14:20:05','admin','custom','N','N'),('611f5dd94c3d36a8120375b221535a3b','ids','output','N','60f787f3340394bb83f0a847de6f7f00',NULL,'string',NULL,'2021-08-20 15:46:33','admin','2021-09-26 14:20:05','admin','custom','N','N'),('611f605b06d9ab1c4bd0163a8c046212','filter','input','N','60f787f3340394bb83f0a847de6f7f00',NULL,'object',NULL,'2021-08-20 15:57:15','admin','2021-09-26 14:20:05','admin','custom','N','N'),('611f622045b556b3344540adcf1d79fc','filter_name','input','N','60f787f3340394bb83f0a847de6f7f00',NULL,'string',NULL,'2021-08-20 16:04:48','admin','2021-09-26 14:20:05','admin','custom','N','N'),('611f62330df431163fc126209c31f168','filter_values','input','N','60f787f3340394bb83f0a847de6f7f00',NULL,'string',NULL,'2021-08-20 16:05:07','admin','2021-09-26 14:20:05','admin','custom','N','N'),('611f685928f637efd56a1f5d7376cdf9','ids','output','Y','60f7981980a0f351bf143e54638712fd',NULL,'string',NULL,'2021-08-20 16:31:21','admin','2021-09-26 14:20:05','admin','custom','N','N'),('611f6a8321bed8a37206bd9ed69d2df5','filter','input','N','60f7981980a0f351bf143e54638712fd',NULL,'object',NULL,'2021-08-20 16:40:35','admin','2021-09-26 14:20:05','admin','custom','N','N'),('611f6aa06419c4abf48db0906c74e94c','filter_name','input','N','60f7981980a0f351bf143e54638712fd',NULL,'string',NULL,'2021-08-20 16:41:04','admin','2021-09-26 14:20:05','admin','custom','N','N'),('611f6ab0a998cd10bc6825ae4ae7fd72','filter_values','input','N','60f7981980a0f351bf143e54638712fd',NULL,'string',NULL,'2021-08-20 16:41:20','admin','2021-09-26 14:20:05','admin','custom','N','N'),('611f73092bd49e6d2d20f04b9fa296d4','root_block_device','output','Y','60f7981980a0f351bf143e54638712fd',NULL,'object',NULL,'2021-08-20 17:16:57','admin','2021-09-26 14:20:05','admin','custom','N','N'),('611f800594b3eb2b66e8dd7307850f9a','destination_cidr','input','N','60f78793a90cbbc325eee8476b778cd7',NULL,'string',NULL,'2021-08-20 18:12:21','admin','2021-09-26 14:20:05','admin','custom','N','N'),('611f82473167fbbdf3e384fbd466c94a','ids','output','N','60f79242a7c2c57819563fd20bee060f',NULL,'string',NULL,'2021-08-20 18:21:59','admin','2021-09-26 14:20:05','admin','custom','N','N'),('611f8ee51e3324cc5bbaec3bac2fbf6f','ids','output','N','60f8ed6dacb56bc8c2c4bc81e643d513',NULL,'string',NULL,'2021-08-20 19:15:49','admin','2021-09-26 14:20:05','admin','custom','N','N'),('61230e55227b723714d6b376f13ccf8d','engine','input','N','610a0610fcc9879591e9fc40ac056af6',NULL,'string',NULL,'2021-08-23 10:56:21','admin','2021-09-26 14:20:05','admin','custom','N','N'),('61230eb2cf6a676b8e399699bec63d57','num_cache_nodes','input','N','610a0610fcc9879591e9fc40ac056af6',NULL,'int',NULL,'2021-08-23 10:57:54','admin','2021-09-26 14:20:05','admin','custom','N','N'),('61230ef6f509ed6907a8a951f1153091','parameter_group_name','input','N','610a0610fcc9879591e9fc40ac056af6',NULL,'string',NULL,'2021-08-23 10:59:02','admin','2021-09-26 14:20:05','admin','custom','N','N'),('61231194ba3d23c9f82dc62c6cf0fcc4','engine','input','N','60f7994873cd0069391acfa760d845d6',NULL,'string',NULL,'2021-08-23 11:10:12','admin','2021-09-26 14:20:05','admin','custom','N','N'),('612312a0f5007d0d4080492087c7314a','user_name','input','N','60f7994873cd0069391acfa760d845d6',NULL,'string',NULL,'2021-08-23 11:14:40','admin','2021-09-26 14:20:05','admin','custom','N','N'),('612313d7146453617abb2ed4975da37f','instance_name','input','N','60f79954846703e55eb2c6d27214263e',NULL,'string',NULL,'2021-08-23 11:19:51','admin','2021-09-26 14:20:05','admin','custom','N','N'),('612319b175cb11d2857d136bf755f57e','default_action','input','N','60f79ae58a9f39aab30b9bb2e78e2614',NULL,'object',NULL,'2021-08-23 11:44:49','admin','2021-09-26 14:20:05','admin','custom','N','N'),('612319e1c0a4337dd82c3400fb40925e','type','input','N','60f79ae58a9f39aab30b9bb2e78e2614',NULL,'string',NULL,'2021-08-23 11:45:37','admin','2021-09-26 14:20:05','admin','custom','N','N'),('612328694204be9f609c36eb46cf7e0f','action','input','N','60fe16f95e62032566847a42b58a9504',NULL,'object',NULL,'2021-08-23 12:47:37','admin','2021-09-26 14:20:05','admin','custom','N','N'),('612328867faae5ced27fe6853b54a337','action_type','input','N','60fe16f95e62032566847a42b58a9504',NULL,'string',NULL,'2021-08-23 12:48:06','admin','2021-09-26 14:20:05','admin','custom','N','N'),('612328962ac6a930f4ab37dd149e6eab','condition','input','N','60fe16f95e62032566847a42b58a9504',NULL,'object',NULL,'2021-08-23 12:48:22','admin','2021-09-26 14:20:05','admin','custom','N','N'),('612341a11c074d6cf7313167c7c79dac','user_name','input','N','60f7c641451222f0f6fd9cd189b34d3c',NULL,'string',NULL,'2021-08-23 14:35:13','admin','2021-09-26 14:20:05','admin','custom','N','N'),('61234ab5de35419dec7decb9f70cee39','resource_group_id','input','N','610a06237bf7950e61c7811d6696ae6a',NULL,'string',NULL,'2021-08-23 15:13:57','admin','2021-09-26 14:20:05','admin','custom','N','N'),('61235b3e00ef3dd302fc8d837d89df69','provider_info','input','N','61235b3e84b845a8d8c3f7c7454bc0cf',NULL,'string',NULL,'2021-08-23 16:24:30','admin','2021-09-26 14:20:05','admin','system','N','N'),('61235b3e0530cb7afb8b8516763d04a8','region_id','input','N','61235b3e84b845a8d8c3f7c7454bc0cf',NULL,'string',NULL,'2021-08-23 16:24:30','admin','2021-09-26 14:20:05','admin','system','N','N'),('61235b3e45af8c6704e67ddc32b84772','id','input','N','61235b3e84b845a8d8c3f7c7454bc0cf',NULL,'string',NULL,'2021-08-23 16:24:30','admin','2021-09-26 14:20:05','admin','system','N','N'),('61235b3e5373bcbff18ea6244845c1ff','id','output','N','61235b3e84b845a8d8c3f7c7454bc0cf',NULL,'string',NULL,'2021-08-23 16:24:30','admin','2021-09-26 14:20:05','admin','system','N','N'),('61235b3e7c0aae33858d9cd3fc396733','asset_id','output','N','61235b3e84b845a8d8c3f7c7454bc0cf',NULL,'string',NULL,'2021-08-23 16:24:30','admin','2021-09-26 14:20:05','admin','system','N','N'),('61235b3eb9540e5a9ef01d4f909f50d1','asset_id','input','N','61235b3e84b845a8d8c3f7c7454bc0cf',NULL,'string',NULL,'2021-08-23 16:24:30','admin','2021-09-26 14:20:05','admin','system','N','N'),('61235b4306c494122457e657e59b2a0e','id','input','N','61235b43842013b5ddc47f14fd46f5dc',NULL,'string',NULL,'2021-08-23 16:24:35','admin','2021-09-26 14:20:05','admin','system','N','N'),('61235b4337d00db68ad09b465ba366a4','asset_id','output','N','61235b43842013b5ddc47f14fd46f5dc',NULL,'string',NULL,'2021-08-23 16:24:35','admin','2021-09-26 14:20:05','admin','system','N','N'),('61235b43a15a3f5d5958088459c3915f','region_id','input','N','61235b43842013b5ddc47f14fd46f5dc',NULL,'string',NULL,'2021-08-23 16:24:35','admin','2021-09-26 14:20:05','admin','system','N','N'),('61235b43e7daa6cb64b759ef8ad782da','provider_info','input','N','61235b43842013b5ddc47f14fd46f5dc',NULL,'string',NULL,'2021-08-23 16:24:35','admin','2021-09-26 14:20:05','admin','system','N','N'),('61235b43f860a06777b7b00fb3efc7b5','asset_id','input','N','61235b43842013b5ddc47f14fd46f5dc',NULL,'string',NULL,'2021-08-23 16:24:35','admin','2021-09-26 14:20:05','admin','system','N','N'),('61235b43fbb3bb72a427e6324216b303','id','output','N','61235b43842013b5ddc47f14fd46f5dc',NULL,'string',NULL,'2021-08-23 16:24:35','admin','2021-09-26 14:20:05','admin','system','N','N'),('61235b4a526cd23a098c4c211c77960c','region_id','input','N','61235b4ac555b13453d6998a133f958c',NULL,'string',NULL,'2021-08-23 16:24:42','admin','2021-09-26 14:20:05','admin','system','N','N'),('61235b4a9a4ea0ba1eccb4373fa0e87a','id','output','N','61235b4ac555b13453d6998a133f958c',NULL,'string',NULL,'2021-08-23 16:24:42','admin','2021-09-26 14:20:05','admin','system','N','N'),('61235b4a9c4f03dde52986076e00a410','provider_info','input','N','61235b4ac555b13453d6998a133f958c',NULL,'string',NULL,'2021-08-23 16:24:42','admin','2021-09-26 14:20:05','admin','system','N','N'),('61235b4ac65ae0bcc2d1d854e6f50d02','id','input','N','61235b4ac555b13453d6998a133f958c',NULL,'string',NULL,'2021-08-23 16:24:42','admin','2021-09-26 14:20:05','admin','system','N','N'),('61235b6a4ae8c2711689cbd69e239792','name','input','N','61235b3e84b845a8d8c3f7c7454bc0cf',NULL,'string',NULL,'2021-08-23 16:25:14','admin','2021-09-26 14:20:05','admin','custom','N','N'),('61235b71d3de789982e46db49856801c','subnet_ids','input','Y','61235b3e84b845a8d8c3f7c7454bc0cf',NULL,'string',NULL,'2021-08-23 16:25:21','admin','2021-09-26 14:20:05','admin','custom','N','N'),('61235b8abe49cac85c7eac451e31a237','tags','input','N','61235b3e84b845a8d8c3f7c7454bc0cf',NULL,'object',NULL,'2021-08-23 16:25:46','admin','2021-09-26 14:20:05','admin','custom','N','N'),('6123644f0e8b8a7de2a367e403866434','db_subnet_group_name','input','N','60f7994873cd0069391acfa760d845d6',NULL,'string',NULL,'2021-08-23 17:03:11','admin','2021-09-26 14:20:05','admin','custom','N','N'),('612385981ed11b91c5a874631e99be11','subnets','input','Y','60f7997f2c7a8db75208a689c6274741',NULL,'string',NULL,'2021-08-23 19:25:12','admin','2021-09-26 14:20:05','admin','custom','N','N'),('61244f00ea507a43efd3bf6486165898','vpc_id','input','N','6108ed642d96860815e16c4ccc8fcdf8',NULL,'string',NULL,'2021-08-24 09:44:32','admin','2021-09-26 14:20:05','admin','custom','N','N'),('61244f120428b5d67cb759d7d56c1d7b','protocol','input','N','6108ed642d96860815e16c4ccc8fcdf8',NULL,'string',NULL,'2021-08-24 09:44:50','admin','2021-09-26 14:20:05','admin','custom','N','N'),('61245f90587d1f8c09506a58f567be55','port','input','N','60f79af7f8a0afae7bb34b1f7b436013',NULL,'string',NULL,'2021-08-24 10:55:12','admin','2021-09-26 14:20:05','admin','custom','N','N'),('6124701297c6e1763cc8023354fb1def','filter_name','input','N','60f8ed6dacb56bc8c2c4bc81e643d513',NULL,'string',NULL,'2021-08-24 12:05:38','admin','2021-09-26 14:20:05','admin','custom','N','N'),('61247019bdce3b40cb07e9183298835d','filter','input','N','60f8ed6dacb56bc8c2c4bc81e643d513',NULL,'object',NULL,'2021-08-24 12:05:45','admin','2021-09-26 14:20:05','admin','custom','N','N');

INSERT INTO `plugin` VALUES ('60f6718212d3163a1b9708c8289547f7','region','2021-07-20 14:47:30','admin','2021-09-26 14:20:05','admin'),('60f78614f803cffba724c6f541518cbf','zone','2021-07-21 10:27:32','admin','2021-09-26 14:20:05','admin'),('60f78644d0acbc22606537f71af49036','vpc','2021-07-21 10:28:20','admin','2021-09-26 14:20:05','admin'),('60f786de13782f321bf6df70a76b6f56','route_table','2021-07-21 10:30:54','admin','2021-09-26 14:20:05','admin'),('60f7877327e3ff2b398d1d28c375d10b','route_rule','2021-07-21 10:33:23','admin','2021-09-26 14:20:05','admin'),('60f787c4425ff29a244b51bf3e231314','security_group','2021-07-21 10:34:44','admin','2021-09-26 14:20:05','admin'),('60f788242c832bc404a53a8e7c7b7981','security_rule','2021-07-21 10:36:20','admin','2021-09-26 14:20:05','admin'),('60f7888f699e2f454b2bbc25b8c12a14','subnet','2021-07-21 10:38:07','admin','2021-09-26 14:20:05','admin'),('60f788cfbfba6bf46b4418ea1f99ee6a','eip','2021-07-21 10:39:11','admin','2021-09-26 14:20:05','admin'),('60f791f853a197548a756d35d4b95120','vpc_peer','2021-07-21 11:18:16','admin','2021-09-26 14:20:05','admin'),('60f7927e1e16614358cdafd6d31fd932','nat_gateway','2021-07-21 11:20:30','admin','2021-09-26 14:20:05','admin'),('60f7973dccd73f6d2cc61b964d5713d7','ccn','2021-07-21 11:40:45','admin','2021-09-26 14:20:05','admin'),('60f7979a5bf907995d86d74fda7bb179','ccn_attach','2021-07-21 11:42:18','admin','2021-09-26 14:20:05','admin'),('60f797fc303253e53fbadbffe933cb1d','cvm','2021-07-21 11:43:56','admin','2021-09-26 14:20:05','admin'),('60f79929f771e2324ce65e9e78b7e5a7','mysql','2021-07-21 11:48:57','admin','2021-09-26 14:20:05','admin'),('60f7996f2f7db12561f72efcc5000d23','clb','2021-07-21 11:50:07','admin','2021-09-26 14:20:05','admin'),('60f79ad469a595cc2fc3e68b9d759012','clb_listener','2021-07-21 11:56:04','admin','2021-09-26 14:20:05','admin'),('60f79bb264821240fbe7cef628064ca7','resource_group','2021-07-21 11:59:46','admin','2021-09-26 14:20:05','admin'),('60f7c0973b48d3820b8fc810525ff9f6','cos_bucket','2021-07-21 14:37:11','admin','2021-09-26 14:20:05','admin'),('60f7c614ca1a8718e39e462dc51eb7f3','cos_user','2021-07-21 15:00:36','admin','2021-09-26 14:20:05','admin'),('60f8297a0a8c626c6b532237b8e2e9f2','disk','2021-07-21 22:04:42','admin','2021-09-26 14:20:05','admin'),('60fe16d593da63e85536b11815f37ba1','clb_rule_forward','2021-07-26 09:58:45','admin','2021-09-26 14:20:05','admin'),('6108eb5bedac3464947a604bdf602256','clb_target_group','2021-08-03 15:08:11','admin','2021-09-26 14:20:05','admin'),('610a06014b17ac5077b746611a24356b','redis','2021-08-04 11:14:09','admin','2021-09-26 14:20:05','admin'),('611dd2a1e43b16e3b543524779985ed1','internet_gateway','2021-08-19 11:40:17','admin','2021-09-26 14:20:05','admin'),('61235b3426bd97686748b60957eede4d','db_subnet_group','2021-08-23 16:24:20','admin','2021-09-26 14:20:05','admin');

INSERT INTO `provider` VALUES ('611b87b341c178ac9747c9fd2b1eb8e4','aws','3.48.0','2021-08-17 17:56:03','admin','2021-09-26 14:20:05','admin','access_key','secret_key','region','','hashicorp');

INSERT INTO `provider_template_value` VALUES ('6150145d9aef13c191721d15e134a032','HTTP','611b87b341c178ac9747c9fd2b1eb8e4','60fa6b2f85d8d3ba0cb4ae20aee93ec3','2021-09-26 14:34:05','admin','2021-09-26 14:34:05','admin'),('6150145f3a181bb993dcb0968c401c56','TCP','611b87b341c178ac9747c9fd2b1eb8e4','60f917bfdfa28477ee2669e56ee6a260','2021-09-26 14:34:07','admin','2021-09-26 14:34:07','admin'),('615014a825b26ad09ad4177c6d5cb276','public-read','611b87b341c178ac9747c9fd2b1eb8e4','6100fb55e0ffe08783c098f92e3ade36','2021-09-26 14:35:20','admin','2021-09-26 14:35:20','admin'),('615014ad9b8df05aa953b0a27676f2b9','private','611b87b341c178ac9747c9fd2b1eb8e4','6100fb52dc642c539295c1636ed10673','2021-09-26 14:35:25','admin','2021-09-26 14:35:25','admin'),('615014b740d985b6c3a8638391554777','public-read-write','611b87b341c178ac9747c9fd2b1eb8e4','6100fb4f0f192a839cb7c855a4d841c6','2021-09-26 14:35:35','admin','2021-09-26 14:35:35','admin'),('615014d5ad753701ce63609eb2476fb3','gp2','611b87b341c178ac9747c9fd2b1eb8e4','60f8fa30c57ac5585c09af136f24518f','2021-09-26 14:36:05','admin','2021-09-26 14:36:05','admin'),('615014dc65ebe46c7f65c439badf2656','standard','611b87b341c178ac9747c9fd2b1eb8e4','60f8fa2fc499dc68dda8491dca2258b5','2021-09-26 14:36:12','admin','2021-09-26 14:36:12','admin'),('615014e487d098131cda23a988bd5edb','ami-0053c43aa41780b26','611b87b341c178ac9747c9fd2b1eb8e4','60f92fbb2493f30e3a3e04ebd0ca2321','2021-09-26 14:36:20','admin','2021-09-26 14:36:20','admin'),('615014eaf64199a3dd27ce327d2c4236','ami-0b6e567c5d6571739','611b87b341c178ac9747c9fd2b1eb8e4','60f92fbaa272f1c228f6e4e39fbb4c23','2021-09-26 14:36:26','admin','2021-09-26 14:36:26','admin'),('615014f17edd1a2d97435952d8cd3c9b','t2.large','611b87b341c178ac9747c9fd2b1eb8e4','60f92ec77b4e70563556ac38ef6c58ca','2021-09-26 14:36:33','admin','2021-09-26 14:36:33','admin'),('615014f65ac90577acd5333f2a6c33c0','t2.medium','611b87b341c178ac9747c9fd2b1eb8e4','60f92ec5b0e3edf5e165fe30ebdb4cb1','2021-09-26 14:36:38','admin','2021-09-26 14:36:38','admin'),('615014fb9d083c0f4cd028c06caa3923','t2.small','611b87b341c178ac9747c9fd2b1eb8e4','60f92ec4132eaf2fc669027d9a022d41','2021-09-26 14:36:43','admin','2021-09-26 14:36:43','admin'),('6150152cb474dc5116a49d77599617e4','db.t3.large','611b87b341c178ac9747c9fd2b1eb8e4','610753653f15420aac73f602f479bb24','2021-09-26 14:37:32','admin','2021-09-26 14:37:32','admin'),('61501532b6210c747b7dbeb2ec23c368','db.t3.large','611b87b341c178ac9747c9fd2b1eb8e4','61075364019f24da0f60cd4cff288669','2021-09-26 14:37:38','admin','2021-09-26 14:37:38','admin'),('61501590eeac79482f872931c7ed6485','db.t2.small','611b87b341c178ac9747c9fd2b1eb8e4','610752a64ba1863711c9fdc9528da573','2021-09-26 14:39:12','admin','2021-09-26 14:39:12','admin'),('615015972de284c4ac9e3435a1bf60d9','db.t2.small','611b87b341c178ac9747c9fd2b1eb8e4','61075290a81c595440779237560a1b8a','2021-09-26 14:39:19','admin','2021-09-26 14:39:19','admin'),('6150159ebe7eb61fbc4ae2b084ced63e','db.t3.large','611b87b341c178ac9747c9fd2b1eb8e4','6100027188e6485fc56af7bf3a72fad0','2021-09-26 14:39:26','admin','2021-09-26 14:39:26','admin'),('615015a328bc5fb4c0ff3ecf45da27b2','db.t2.small','611b87b341c178ac9747c9fd2b1eb8e4','61000271017a64d7fb47524b4e7e5d5f','2021-09-26 14:39:31','admin','2021-09-26 14:39:31','admin'),('615015aed5be92023411bdd27e5d1017','5.7','611b87b341c178ac9747c9fd2b1eb8e4','61000296f242f322631d183eabd0c1a9','2021-09-26 14:39:42','admin','2021-09-26 14:39:42','admin'),('6150162181f2941a048b883a10696714','cache.t3.medium','611b87b341c178ac9747c9fd2b1eb8e4','610a10dee668f7ae75905eaf427b123f','2021-09-26 14:41:37','admin','2021-09-26 14:41:37','admin'),('6150162755b1968edde87763306b9bb9','cache.t3.small','611b87b341c178ac9747c9fd2b1eb8e4','610a10dea02858ef87f722393f80f680','2021-09-26 14:41:43','admin','2021-09-26 14:41:43','admin'),('615017719652ffced5e031e2afad0bb1','ingress','611b87b341c178ac9747c9fd2b1eb8e4','60f8f5f8d1728f5aaa792b5e8c591c09','2021-09-26 14:47:13','admin','2021-09-26 14:47:13','admin'),('615017764c6d134b8cbe885b0217f3b0','egress','611b87b341c178ac9747c9fd2b1eb8e4','60f8f5f85153509c613f28f350c0a0a9','2021-09-26 14:47:18','admin','2021-09-26 14:47:18','admin'),('6150177c36d2e29687ead9de0870cdf7','tcp','611b87b341c178ac9747c9fd2b1eb8e4','60f8f5f3ae3bdcd269187227fdfb8628','2021-09-26 14:47:24','admin','2021-09-26 14:47:24','admin'),('6150178157998f6b6b425c5efae0b233','udp','611b87b341c178ac9747c9fd2b1eb8e4','60f8f5f2b47b93933ae90ae3cc4a2645','2021-09-26 14:47:29','admin','2021-09-26 14:47:29','admin'),('615017877f01011ce62d7be252add565','icmp','611b87b341c178ac9747c9fd2b1eb8e4','60f8f5f12a802e9ba36e9ba809ec2fc9','2021-09-26 14:47:35','admin','2021-09-26 14:47:35','admin');

INSERT INTO `source` VALUES ('611b88a4360e625b38a94043d758db90','60f7867b94e465657397ea2d7bd0de5a','611b87b341c178ac9747c9fd2b1eb8e4','aws_vpc','id','Y','2021-08-17 18:00:04','admin','2021-09-26 14:20:05','admin','',0,'Y','data_resource',''),('611c67197d6a9b788789e9e55fb6208d','60f7866b0f881956374fdd7cfdb53e2a','611b87b341c178ac9747c9fd2b1eb8e4','aws_vpc','id','Y','2021-08-18 09:49:13','admin','2021-09-26 14:20:05','admin','',0,'Y','resource',''),('611c6bcb40363eacff0f475d57c99cf4','60f785761e014384544ff031052515c5','611b87b341c178ac9747c9fd2b1eb8e4','aws_region','name','N','2021-08-18 10:09:15','admin','2021-09-26 14:20:05','admin','',0,'N','resource',''),('611c830536645c331935c4733e2573c2','60f7867b94e465657397ea2d7bd0de5a','611b87b341c178ac9747c9fd2b1eb8e4','aws_vpcs','ids','Y','2021-08-18 11:48:21','admin','2021-09-26 14:20:05','admin','',0,'Y','data_resource',''),('611c83f4e2141751dd4a0a32190ed689','60f786f3991905385cfd836e20fc6c52','611b87b341c178ac9747c9fd2b1eb8e4','aws_route_table','id','Y','2021-08-18 11:52:20','admin','2021-09-26 14:20:05','admin','',0,'Y','resource',''),('611ca47cb6b0010f74a2f7f1e2d237d2','60f7889e8833ce91de046154756a17e6','611b87b341c178ac9747c9fd2b1eb8e4','aws_subnet','id','Y','2021-08-18 14:11:08','admin','2021-09-26 14:20:05','admin','',0,'Y','resource',''),('611ca9fb4735fe80e9b541bd32afe683','60f787d9511e835b398629070e1b9b95','611b87b341c178ac9747c9fd2b1eb8e4','aws_security_group','id','Y','2021-08-18 14:34:35','admin','2021-09-26 14:20:05','admin','',0,'Y','resource',''),('611cc4674a03bc6eacc5bf945a022dee','60f786223650a50e542e4d499eb7c50a','611b87b341c178ac9747c9fd2b1eb8e4','aws_availability_zone','name','N','2021-08-18 16:27:19','admin','2021-09-26 14:20:05','admin','',0,'N','resource',''),('611cc601a022e0a934cc0ec59d2e4f8e','60f7980e5c77cf2155f66baa345eaeb0','611b87b341c178ac9747c9fd2b1eb8e4','aws_instance','id','Y','2021-08-18 16:34:09','admin','2021-09-26 14:20:05','admin','',0,'Y','resource',''),('611dc2d9c0c2f430c43c1f980bfe8f63','60f788dde519fa82e00cd5cbf4811cb6','611b87b341c178ac9747c9fd2b1eb8e4','aws_eip','id','Y','2021-08-19 10:32:57','admin','2021-09-26 14:20:05','admin','',0,'Y','resource',''),('611dc606a87091744f3612c22509370a','60f79293acabc0dc9d6f64e6937c862b','611b87b341c178ac9747c9fd2b1eb8e4','aws_nat_gateway','id','Y','2021-08-19 10:46:30','admin','2021-09-26 14:20:05','admin','',0,'Y','resource',''),('611dd364a4bba5565a5a47acf80836b6','611dd2acee4a0f80c1230c1585baad11','611b87b341c178ac9747c9fd2b1eb8e4','aws_internet_gateway','id','Y','2021-08-19 11:43:32','admin','2021-09-26 14:20:05','admin','',0,'Y','resource',''),('611df5165f804978ce27404ad106f8c8','60f787849f0332bf0f6468742a626e9d','611b87b341c178ac9747c9fd2b1eb8e4','aws_route','id','Y','2021-08-19 14:07:18','admin','2021-09-26 14:20:05','admin','',0,'N','resource',''),('611e065bf26f74a09cdda4c83574a6c6','60f7883a940eccaef9ade417d8ae6c34','611b87b341c178ac9747c9fd2b1eb8e4','aws_security_group_rule','id','Y','2021-08-19 15:20:59','admin','2021-09-26 14:20:05','admin','',0,'N','resource',''),('611e17d37c81d43a54423111b82c460d','60f79225ca7ed43a605c2ab13c8d10f0','611b87b341c178ac9747c9fd2b1eb8e4','aws_vpc_peering_connection','id','Y','2021-08-19 16:35:31','admin','2021-09-26 14:20:05','admin','',0,'Y','resource',''),('611e238d6095eed4e7f3fb45db52fbca','60f8ed62d9d7c2e871309698f45a7dce','611b87b341c178ac9747c9fd2b1eb8e4','aws_ebs_volume','id','Y','2021-08-19 17:25:33','admin','2021-09-26 14:20:05','admin','',0,'Y','resource',''),('611e254b504207d2ec3a93e53a6d9647','60f8ed62d9d7c2e871309698f45a7dce','611b87b341c178ac9747c9fd2b1eb8e4','aws_volume_attachment','id','Y','2021-08-19 17:32:59','admin','2021-09-26 14:20:05','admin','',0,'N','resource',''),('611e470e9f45339e50760b867fef1bd9','60f788e683c98f6b85f707821ac9d5a2','611b87b341c178ac9747c9fd2b1eb8e4','aws_eip','id','Y','2021-08-19 19:57:02','admin','2021-09-26 14:20:05','admin','',0,'Y','data_resource',''),('611f4e74e36bc79d90c0665e3ca344a5','60f78711ab326b3c8b612f76c56b5724','611b87b341c178ac9747c9fd2b1eb8e4','aws_route_tables','ids','Y','2021-08-20 14:40:52','admin','2021-09-26 14:20:05','admin','',0,'Y','data_resource',''),('611f4ef7ba77db690d608afcdd0926d6','60f78711ab326b3c8b612f76c56b5724','611b87b341c178ac9747c9fd2b1eb8e4','aws_route_table','route_table_id','Y','2021-08-20 14:43:03','admin','2021-09-26 14:20:05','admin','',0,'Y','data_resource',''),('611f58763707bebbdf93fc8dac78bb4f','60f788a936131fbe52aea7a273d5457a','611b87b341c178ac9747c9fd2b1eb8e4','aws_subnet_ids','ids','Y','2021-08-20 15:23:34','admin','2021-09-26 14:20:05','admin','',0,'Y','data_resource',''),('611f5930d6ce503cc1cb7bc03c2c023d','60f788a936131fbe52aea7a273d5457a','611b87b341c178ac9747c9fd2b1eb8e4','aws_subnet','id','Y','2021-08-20 15:26:40','admin','2021-09-26 14:20:05','admin','',0,'Y','data_resource',''),('611f5dae1cca23ea961d036e0c7add8b','60f787f3340394bb83f0a847de6f7f00','611b87b341c178ac9747c9fd2b1eb8e4','aws_security_groups','ids','Y','2021-08-20 15:45:50','admin','2021-09-26 14:20:05','admin','',0,'Y','data_resource',''),('611f5e0e159aa193a1ac9c68abdbdab5','60f787f3340394bb83f0a847de6f7f00','611b87b341c178ac9747c9fd2b1eb8e4','aws_security_group','id','Y','2021-08-20 15:47:26','admin','2021-09-26 14:20:05','admin','',0,'Y','data_resource',''),('611f6832f722dbc3019ef0c50fc2944d','60f7981980a0f351bf143e54638712fd','611b87b341c178ac9747c9fd2b1eb8e4','aws_instances','ids','Y','2021-08-20 16:30:42','admin','2021-09-26 14:20:05','admin','',0,'Y','data_resource',''),('611f68be199e1b29be838f3b997793e6','60f7981980a0f351bf143e54638712fd','611b87b341c178ac9747c9fd2b1eb8e4','aws_instance','id','Y','2021-08-20 16:33:02','admin','2021-09-26 14:20:05','admin','',0,'Y','data_resource',''),('611f79239147a0913e9ecb8cad4a5c35','611dd2b9089053e588e7f6799c3fc4bf','611b87b341c178ac9747c9fd2b1eb8e4','aws_internet_gateway','id','Y','2021-08-20 17:42:59','admin','2021-09-26 14:20:05','admin','',0,'Y','data_resource',''),('611f7ab7d8adca9c8b89ee0e228c0797','60f792ac09ebde0d1df1ed7e147ad0ee','611b87b341c178ac9747c9fd2b1eb8e4','aws_nat_gateway','id','Y','2021-08-20 17:49:43','admin','2021-09-26 14:20:05','admin','',0,'Y','data_resource',''),('611f7e8fd24759e9aa54aa019bb781b2','60f78793a90cbbc325eee8476b778cd7','611b87b341c178ac9747c9fd2b1eb8e4','aws_route','id','Y','2021-08-20 18:06:07','admin','2021-09-26 14:20:05','admin','',0,'Y','data_resource',''),('611f8204ae2744cb85fa7e228bca8317','60f79242a7c2c57819563fd20bee060f','611b87b341c178ac9747c9fd2b1eb8e4','aws_vpc_peering_connections','ids','Y','2021-08-20 18:20:52','admin','2021-09-26 14:20:05','admin','',0,'Y','data_resource',''),('611f826f387cc22295360b07f821b605','60f79242a7c2c57819563fd20bee060f','611b87b341c178ac9747c9fd2b1eb8e4','aws_vpc_peering_connection','id','Y','2021-08-20 18:22:39','admin','2021-09-26 14:20:05','admin','',0,'Y','data_resource',''),('611f8ec3d13ef2b03dd214c112c4b871','60f8ed6dacb56bc8c2c4bc81e643d513','611b87b341c178ac9747c9fd2b1eb8e4','aws_ebs_volumes','ids','Y','2021-08-20 19:15:15','admin','2021-09-26 14:20:05','admin','',0,'Y','data_resource',''),('611f8f07e72114570911e86f86982a3b','60f8ed6dacb56bc8c2c4bc81e643d513','611b87b341c178ac9747c9fd2b1eb8e4','aws_ebs_volume','id','Y','2021-08-20 19:16:23','admin','2021-09-26 14:20:05','admin','',0,'Y','data_resource',''),('6122fcff8bb6fa9e9fcf44fd74a89400','610a0610fcc9879591e9fc40ac056af6','611b87b341c178ac9747c9fd2b1eb8e4','aws_elasticache_cluster','arn','Y','2021-08-23 09:42:23','admin','2021-09-26 14:20:05','admin','',0,'Y','resource',''),('61230ffb58288b44e5f0bed41f4156eb','610a06237bf7950e61c7811d6696ae6a','611b87b341c178ac9747c9fd2b1eb8e4','aws_elasticache_cluster','cluster_id','Y','2021-08-23 11:03:23','admin','2021-09-26 14:20:05','admin','',0,'Y','data_resource',''),('6123111c1cf1397ec5e8ca97308fc6a2','60f7994873cd0069391acfa760d845d6','611b87b341c178ac9747c9fd2b1eb8e4','aws_db_instance','id','Y','2021-08-23 11:08:12','admin','2021-09-26 14:20:05','admin','',0,'Y','resource',''),('6123135ab0a9ca49f84de9d42ca177d5','60f79954846703e55eb2c6d27214263e','611b87b341c178ac9747c9fd2b1eb8e4','aws_db_instance','id','Y','2021-08-23 11:17:46','admin','2021-09-26 14:20:05','admin','',0,'Y','data_resource',''),('612315b43c5b7099d4afc15b61363d54','60f7997f2c7a8db75208a689c6274741','611b87b341c178ac9747c9fd2b1eb8e4','aws_lb','id','Y','2021-08-23 11:27:48','admin','2021-09-26 14:20:05','admin','',0,'Y','resource',''),('612317b9d4ff2cb926ed57d0aacd7944','60f799882c7bc6eb181c55fa7641f77d','611b87b341c178ac9747c9fd2b1eb8e4','aws_lb','id','Y','2021-08-23 11:36:25','admin','2021-09-26 14:20:05','admin','',0,'Y','data_resource',''),('61231843bf12c8aa08b30ca163b534cf','60f79ae58a9f39aab30b9bb2e78e2614','611b87b341c178ac9747c9fd2b1eb8e4','aws_lb_listener','id','Y','2021-08-23 11:38:43','admin','2021-09-26 14:20:05','admin','',0,'Y','resource',''),('612320e51f9b9f2fe02c735fd6e5d2d0','60f79af7f8a0afae7bb34b1f7b436013','611b87b341c178ac9747c9fd2b1eb8e4','aws_lb_listener','id','Y','2021-08-23 12:15:33','admin','2021-09-26 14:20:05','admin','',0,'Y','data_resource',''),('6123216d15af15972b13717879bf3472','6108ed642d96860815e16c4ccc8fcdf8','611b87b341c178ac9747c9fd2b1eb8e4','aws_lb_target_group','id','Y','2021-08-23 12:17:49','admin','2021-09-26 14:20:05','admin','',0,'Y','resource',''),('612323bef808b40bdbdd04d112f00006','6108ed642d96860815e16c4ccc8fcdf8','611b87b341c178ac9747c9fd2b1eb8e4','aws_lb_target_group_attachment','id','Y','2021-08-23 12:27:42','admin','2021-09-26 14:20:05','admin','',0,'N','resource',''),('612324740e05709923873a16246be668','6108ed38e9c4eb387511c10093466ba7','611b87b341c178ac9747c9fd2b1eb8e4','aws_lb_target_group','id','Y','2021-08-23 12:30:44','admin','2021-09-26 14:20:05','admin','',0,'Y','data_resource',''),('6123252ed2b7c399f87f26c01c037c0c','60fe16f95e62032566847a42b58a9504','611b87b341c178ac9747c9fd2b1eb8e4','aws_lb_listener_rule','id','Y','2021-08-23 12:33:50','admin','2021-09-26 14:20:05','admin','',0,'Y','resource',''),('61233cd2a5aa703a7ef848fc3f51c964','60f7c0a2fec2e469966b10dadb07706b','611b87b341c178ac9747c9fd2b1eb8e4','aws_s3_bucket','id','Y','2021-08-23 14:14:42','admin','2021-09-26 14:20:05','admin','',0,'Y','resource',''),('61233e6a18e67ce75a5c3c9a2c7400aa','60f7c0abb5416cf9f915a762d3ced46d','611b87b341c178ac9747c9fd2b1eb8e4','aws_s3_bucket','id','Y','2021-08-23 14:21:30','admin','2021-09-26 14:20:05','admin','',0,'Y','data_resource',''),('6123405a484bd9d944c150f92d97e328','60f7c634a4e9e01754f33380241c526c','611b87b341c178ac9747c9fd2b1eb8e4','aws_iam_user','arn','Y','2021-08-23 14:29:46','admin','2021-09-26 14:20:05','admin','',0,'Y','resource',''),('612340fe4167a1fe13ca6b5f0ae20aa1','60f7c641451222f0f6fd9cd189b34d3c','611b87b341c178ac9747c9fd2b1eb8e4','aws_iam_user','arn','Y','2021-08-23 14:32:30','admin','2021-09-26 14:20:05','admin','',0,'Y','data_resource',''),('61235bcd587d4360be7765fdcd89b5fb','61235b3e84b845a8d8c3f7c7454bc0cf','611b87b341c178ac9747c9fd2b1eb8e4','aws_db_subnet_group','id','Y','2021-08-23 16:26:53','admin','2021-09-26 14:20:05','admin','',0,'Y','resource',''),('61235c70907f0b40eff05360aab7ca61','61235b43842013b5ddc47f14fd46f5dc','611b87b341c178ac9747c9fd2b1eb8e4','aws_db_subnet_group','name','Y','2021-08-23 16:29:36','admin','2021-09-26 14:20:05','admin','',0,'Y','data_resource','');

INSERT INTO `template` VALUES ('60f80c12b1234c504bba46250837694e','next_hop_type','','2021-07-21 19:59:14','admin','2021-09-26 14:20:05','admin'),('60f80e5f744697ea4997ae3e67cb66b8','next_hop_type_output','','2021-07-21 20:09:03','admin','2021-09-26 14:20:05','admin'),('60f81215f97c737490e0bf7dc6540873','security_rule_protocol','','2021-07-21 20:24:53','admin','2021-09-26 14:20:05','admin'),('60f812362774683962425ca2016dfc99','security_rule_policy','','2021-07-21 20:25:26','admin','2021-09-26 14:20:05','admin'),('60f812a8523a0c85e1c32d8f788b7fb4','security_rule_type','','2021-07-21 20:27:20','admin','2021-09-26 14:20:05','admin'),('60f81aa3c65976f28caea35931b9fd9e','network_charge_type','','2021-07-21 21:01:23','admin','2021-09-26 14:20:05','admin'),('60f81ac4cc486501afa7da5bab9b29f3','instance_charge_type','','2021-07-21 21:01:56','admin','2021-09-26 14:20:05','admin'),('60f823f7c9c40d2274c33937b4ba96ec','ccn_attach_instance_type','','2021-07-21 21:41:11','admin','2021-09-26 14:20:05','admin'),('60f825c53474e269e7824e06275dcee9','cvm_instance_type','','2021-07-21 21:48:53','admin','2021-09-26 14:20:05','admin'),('60f825ec62d8fadc53d6450cb991878c','cvm_instance_image','','2021-07-21 21:49:32','admin','2021-09-26 14:20:05','admin'),('60f82656d47e59bf6b90129c15ba33ba','cvm_instance_charge_type','','2021-07-21 21:51:18','admin','2021-09-26 14:20:05','admin'),('60f82753a64701cb10fe3bcdc9fee496','disk_type','','2021-07-21 21:55:31','admin','2021-09-26 14:20:05','admin'),('60f8da023455c402b822421d91134f76','clb_instance_type','','2021-07-22 10:37:54','admin','2021-09-26 14:20:05','admin'),('60f8db6ab7872b68b157df621730530b','clb_network_type','','2021-07-22 10:43:54','admin','2021-09-26 14:20:05','admin'),('60f8dfa508b5ffd419d1dbca99c913e0','clb_listener_protocol','','2021-07-22 11:01:57','admin','2021-09-26 14:20:05','admin'),('60f8ef1a9924dca62c149be2b2975cc6','true_or_false','','2021-07-22 12:07:54','admin','2021-09-26 14:20:05','admin'),('60fa248ed7fbc3a9ad560023b49c511f','cos_bucket_acl','','2021-07-23 10:08:14','admin','2021-09-26 14:20:05','admin'),('60fbd9b7747360cc8622c8fc4e2d183e','disk_charge_type','','2021-07-24 17:13:27','admin','2021-09-26 14:20:05','admin'),('60fbe60bafb681d73a0e8730e45b3b3c','mysql_engine_version','','2021-07-24 18:06:03','admin','2021-09-26 14:20:05','admin'),('60fbe620d13dca21711d144788d4df4b','mysql_instance_type','','2021-07-24 18:06:24','admin','2021-09-26 14:20:05','admin'),('60fbea841942dd71af3fe08036edc4be','mysql_cluster_mode','','2021-07-24 18:25:08','admin','2021-09-26 14:20:05','admin'),('61021b1d49882309607223db00eb4c6d','security_rule_source_type','','2021-07-29 11:06:05','admin','2021-09-26 14:20:05','admin'),('6108f0b1a64d1c3d7cba05a809d0519b','clb_rule_forward_protocol','','2021-08-03 15:30:57','admin','2021-09-26 14:20:05','admin'),('610a0b2972f4cd9e7616add286c41ab7','redis_instance_type','','2021-08-04 11:36:09','admin','2021-09-26 14:20:05','admin');

INSERT INTO `template_value` VALUES ('60f8f47fb28476e8cc27e6f2f77b12db','VPN','60f80c12b1234c504bba46250837694e','2021-07-22 12:30:55','','2021-09-26 14:20:05','admin'),('60f8f480ff0a90aaf5b0a74bd3916e5b','NAT','60f80c12b1234c504bba46250837694e','2021-07-22 12:30:56','','2021-09-26 14:20:05','admin'),('60f8f481082af3ca63a2bc3054162d31','PEER','60f80c12b1234c504bba46250837694e','2021-07-22 12:30:57','','2021-09-26 14:20:05','admin'),('60f8f48c5df7601c8af15b7b91a1310c','PEER','60f80e5f744697ea4997ae3e67cb66b8','2021-07-22 12:31:08','admin','2021-09-26 14:20:05','admin'),('60f8f48d74a4b5427e3d0f7ea11a605e','VPN','60f80e5f744697ea4997ae3e67cb66b8','2021-07-22 12:31:09','admin','2021-09-26 14:20:05','admin'),('60f8f48ddff8b68517a474ae40ad05b7','NAT','60f80e5f744697ea4997ae3e67cb66b8','2021-07-22 12:31:09','','2021-09-26 14:20:05','admin'),('60f8f5f12a802e9ba36e9ba809ec2fc9','ICMP','60f81215f97c737490e0bf7dc6540873','2021-07-22 12:37:05','','2021-09-26 14:47:35','admin'),('60f8f5f2b47b93933ae90ae3cc4a2645','UDP','60f81215f97c737490e0bf7dc6540873','2021-07-22 12:37:06','','2021-09-26 14:47:29','admin'),('60f8f5f38fac2c525c09e78123121354','DROP','60f812362774683962425ca2016dfc99','2021-07-22 12:37:07','','2021-09-26 14:20:05','admin'),('60f8f5f3ae3bdcd269187227fdfb8628','TCP','60f81215f97c737490e0bf7dc6540873','2021-07-22 12:37:07','','2021-09-26 14:47:24','admin'),('60f8f5f720cc3c9c80e57c4db01e685a','ACCEPT','60f812362774683962425ca2016dfc99','2021-07-22 12:37:11','','2021-09-26 14:20:05','admin'),('60f8f5f85153509c613f28f350c0a0a9','EGRESS','60f812a8523a0c85e1c32d8f788b7fb4','2021-07-22 12:37:12','','2021-09-26 14:47:18','admin'),('60f8f5f8d1728f5aaa792b5e8c591c09','INGRESS','60f812a8523a0c85e1c32d8f788b7fb4','2021-07-22 12:37:12','','2021-09-26 14:47:13','admin'),('60f8f69c2ad78ba3f2326c3cfd26c821','TRAFFIC_POSTPAID','60f81aa3c65976f28caea35931b9fd9e','2021-07-22 12:39:56','','2021-09-26 14:20:05','admin'),('60f8f69d27d11ac3c0e22663d51bde45','BANDWIDTH_POSTPAID','60f81aa3c65976f28caea35931b9fd9e','2021-07-22 12:39:57','','2021-09-26 14:20:05','admin'),('60f8f7230c3ac829c1ae4b5cd46d8950','VPC','60f823f7c9c40d2274c33937b4ba96ec','2021-07-22 12:42:11','admin','2021-09-26 14:20:05','admin'),('60f8fa2fc499dc68dda8491dca2258b5','EFFICIENCY','60f82753a64701cb10fe3bcdc9fee496','2021-07-22 12:55:11','','2021-09-26 14:36:12','admin'),('60f8fa30c57ac5585c09af136f24518f','SSD','60f82753a64701cb10fe3bcdc9fee496','2021-07-22 12:55:12','','2021-09-26 14:36:05','admin'),('60f9176c2beb723b177a77d61289ef71','INTRANET','60f8db6ab7872b68b157df621730530b','2021-07-22 14:59:56','','2021-09-26 14:20:05','admin'),('60f9176cdfde6a02ad94b1782fc1bc3e','INTERNET','60f8db6ab7872b68b157df621730530b','2021-07-22 14:59:56','','2021-09-26 14:20:05','admin'),('60f91787aa5c548aff691636fad843bb','TRUE','60f8ef1a9924dca62c149be2b2975cc6','2021-07-22 15:00:23','','2021-09-26 14:20:05','admin'),('60f917885d2015be1c36f700511dff09','FALSE','60f8ef1a9924dca62c149be2b2975cc6','2021-07-22 15:00:24','','2021-09-26 14:20:05','admin'),('60f917bfdfa28477ee2669e56ee6a260','TCP','60f8dfa508b5ffd419d1dbca99c913e0','2021-07-22 15:01:19','','2021-09-26 14:34:07','admin'),('60f92ec4132eaf2fc669027d9a022d41','1C2G','60f825c53474e269e7824e06275dcee9','2021-07-22 16:39:32','','2021-09-26 14:36:43','admin'),('60f92ec5b0e3edf5e165fe30ebdb4cb1','2C4G','60f825c53474e269e7824e06275dcee9','2021-07-22 16:39:33','','2021-09-26 14:36:38','admin'),('60f92ec604b7105a6c423f6e4cb35c0b','M_1C4G','60f825c53474e269e7824e06275dcee9','2021-07-22 16:39:34','','2021-09-26 14:20:05','admin'),('60f92ec77b4e70563556ac38ef6c58ca','M_2C8G','60f825c53474e269e7824e06275dcee9','2021-07-22 16:39:35','','2021-09-26 14:36:32','admin'),('60f92fbaa272f1c228f6e4e39fbb4c23','CENTOS7.5','60f825ec62d8fadc53d6450cb991878c','2021-07-22 16:43:38','','2021-09-26 14:36:26','admin'),('60f92fbb2493f30e3a3e04ebd0ca2321','CENTOS7.6','60f825ec62d8fadc53d6450cb991878c','2021-07-22 16:43:39','','2021-09-26 14:36:20','admin'),('60f92fef07d853b5eb55729da00f65a3','PREPAID','60f82656d47e59bf6b90129c15ba33ba','2021-07-22 16:44:31','','2021-09-26 14:20:05','admin'),('60f92fef947b09a56492418cb3050c9a','POSTPAID','60f82656d47e59bf6b90129c15ba33ba','2021-07-22 16:44:31','','2021-09-26 14:20:05','admin'),('60fa6b2f85d8d3ba0cb4ae20aee93ec3','HTTP','60f8dfa508b5ffd419d1dbca99c913e0','2021-07-23 15:09:35','','2021-09-26 14:34:05','admin'),('60ffe9513d2b815976c18a1084ce817f','PREPAID','60fbd9b7747360cc8622c8fc4e2d183e','2021-07-27 19:09:05','admin','2021-09-26 14:20:05','admin'),('60ffe9522eb9a3622bdcab6438167274','POSTPAID','60fbd9b7747360cc8622c8fc4e2d183e','2021-07-27 19:09:06','admin','2021-09-26 14:20:05','admin'),('60fffb5e533566f07646048d5e9708a7','ALB','60f8da023455c402b822421d91134f76','2021-07-27 20:26:06','admin','2021-09-26 14:20:05','admin'),('60fffb5ec2488a1db08a1304589ae289','NLB','60f8da023455c402b822421d91134f76','2021-07-27 20:26:06','admin','2021-09-26 14:20:05','admin'),('61000271017a64d7fb47524b4e7e5d5f','1C2G','60fbe620d13dca21711d144788d4df4b','2021-07-27 20:56:17','','2021-09-26 14:39:31','admin'),('6100027188e6485fc56af7bf3a72fad0','2C8G','60fbe620d13dca21711d144788d4df4b','2021-07-27 20:56:17','','2021-09-26 14:39:26','admin'),('61000296f242f322631d183eabd0c1a9','MYSQL5.7','60fbe60bafb681d73a0e8730e45b3b3c','2021-07-27 20:56:54','','2021-09-26 14:39:42','admin'),('610002cda7ec3eaf5af0790dc63aa452','PREPAID','60f81ac4cc486501afa7da5bab9b29f3','2021-07-27 20:57:49','','2021-09-26 14:20:05','admin'),('610002cddf999a57c01c3e7a161d5608','POSTPAID','60f81ac4cc486501afa7da5bab9b29f3','2021-07-27 20:57:49','','2021-09-26 14:20:05','admin'),('610003512cba33200d4c50bd95ba4d5c','SINGLE','60fbea841942dd71af3fe08036edc4be','2021-07-27 21:00:01','','2021-09-26 14:20:05','admin'),('61000351c9b45636ca8dae48c7f10a7e','MULTIPLE','60fbea841942dd71af3fe08036edc4be','2021-07-27 21:00:01','','2021-09-26 14:20:05','admin'),('6100fb4f0f192a839cb7c855a4d841c6','public-read-write','60fa248ed7fbc3a9ad560023b49c511f','2021-07-28 14:38:07','','2021-09-26 14:35:34','admin'),('6100fb52dc642c539295c1636ed10673','private','60fa248ed7fbc3a9ad560023b49c511f','2021-07-28 14:38:10','','2021-09-26 14:35:36','admin'),('6100fb55e0ffe08783c098f92e3ade36','public-read','60fa248ed7fbc3a9ad560023b49c511f','0000-00-00 00:00:00','','2021-09-26 14:35:20','admin'),('61021b594efbea7f745e15234072a3e8','CIDR','61021b1d49882309607223db00eb4c6d','2021-07-29 11:07:05','admin','2021-09-26 14:20:05','admin'),('61021b5a8c065677deb3d435e12c1019','SG','61021b1d49882309607223db00eb4c6d','2021-07-29 11:07:06','admin','2021-09-26 14:20:05','admin'),('61075290a81c595440779237560a1b8a','1C2G-2N','60fbe620d13dca21711d144788d4df4b','2021-08-02 10:04:00','','2021-09-26 14:39:19','admin'),('610752a64ba1863711c9fdc9528da573','1C2G-3N','60fbe620d13dca21711d144788d4df4b','2021-08-02 10:04:22','','2021-09-26 14:39:12','admin'),('61075364019f24da0f60cd4cff288669','2C8G-2N','60fbe620d13dca21711d144788d4df4b','2021-08-02 10:07:32','','2021-09-26 14:37:38','admin'),('610753653f15420aac73f602f479bb24','2C8G-3N','60fbe620d13dca21711d144788d4df4b','2021-08-02 10:07:33','','2021-09-26 14:37:32','admin'),('610a10dea02858ef87f722393f80f680','2.8-2G-S','610a0b2972f4cd9e7616add286c41ab7','2021-08-04 12:00:30','','2021-09-26 14:41:43','admin'),('610a10dee668f7ae75905eaf427b123f','5.0-2G-C','610a0b2972f4cd9e7616add286c41ab7','2021-08-04 12:00:30','','2021-09-26 14:41:37','admin');

INSERT INTO `tf_argument` VALUES ('611c6752e007a2a666a7a49247da8e1e','cidr_block','611c67197d6a9b788789e9e55fb6208d','60f7c6a0ce34ce901d9b3bfba17b00d9','','N','string',NULL,'N','direct',NULL,NULL,NULL,NULL,'','2021-08-18 09:50:10','admin','2021-09-26 14:20:05','admin','N'),('611c679a7cade9c159e6709d59c99702','tags','611c67197d6a9b788789e9e55fb6208d','60f7c6cfe9adaca851a90acdc4aef042','','N','object',NULL,'N','direct',NULL,NULL,NULL,NULL,'','2021-08-18 09:51:22','admin','2021-09-26 14:20:05','admin','N'),('611c684e4eabb2ec94e573c99d0797d1','id','611c67197d6a9b788789e9e55fb6208d','60f7866bc0a51ed0ec47ec4676b41f37','','N','string',NULL,'N','direct',NULL,NULL,NULL,NULL,'','2021-08-18 09:54:22','admin','2021-09-26 14:20:05','admin','N'),('611c6870a3070e611f29ee42954da644','id','611c67197d6a9b788789e9e55fb6208d','60f7866b8ea452ee71a33ddf8c1b2b3b','','N','string',NULL,'N','data','611c67197d6a9b788789e9e55fb6208d',NULL,NULL,NULL,'','2021-08-18 09:54:56','admin','2021-09-26 14:20:05','admin','N'),('611c6bf5a3bdaf5686aa06d893e13ca5','name','611c6bcb40363eacff0f475d57c99cf4','60f785764c087f7b9d2d0efa929f575d','','N','string',NULL,'N','direct',NULL,NULL,NULL,NULL,'','0000-00-00 00:00:00','','2021-09-26 14:20:05','admin','N'),('611c6c08ad543cf1f6032581ded86080','name','611c6bcb40363eacff0f475d57c99cf4','60f78576a6cece45c833f1b1275a6962','','N','string',NULL,'N','data','611c6bcb40363eacff0f475d57c99cf4',NULL,NULL,NULL,'','0000-00-00 00:00:00','','2021-09-26 14:20:05','admin','N'),('611c841f93ecf9f445721876d1e65384','vpc_id','611c83f4e2141751dd4a0a32190ed689','60f7dc1aa5efae2c6be7cc9ba03cf553','','N','string',NULL,'N','data','611c67197d6a9b788789e9e55fb6208d',NULL,NULL,NULL,'','2021-08-18 11:53:03','admin','2021-09-26 14:20:05','admin','N'),('611c84326635b242bf3107e243c63728','tags','611c83f4e2141751dd4a0a32190ed689','60f7cce09f51abe2f5cb3c7777c80b53','','N','object',NULL,'N','direct',NULL,NULL,NULL,NULL,'','2021-08-18 11:53:22','admin','2021-09-26 14:20:05','admin','N'),('611ca3c66300cf7429c7a28db9caf677','id','611c83f4e2141751dd4a0a32190ed689','60f786f3743af8290a4a114a842607ee','','N','string',NULL,'N','direct',NULL,NULL,NULL,NULL,'','2021-08-18 14:08:06','admin','2021-09-26 14:20:05','admin','N'),('611ca3c7e42c7fbf5ae7658e752ae446','id','611c83f4e2141751dd4a0a32190ed689','60f786f34420d9a6e781ccc251b4a20b','','N','string',NULL,'N','data','611c83f4e2141751dd4a0a32190ed689',NULL,NULL,NULL,'','2021-08-18 14:08:07','admin','2021-09-26 14:20:05','admin','N'),('611ca650e009ab0480cf4fe0bdf35cb0','id','611ca47cb6b0010f74a2f7f1e2d237d2','60f7889e4cf14f671c7a20ab8b551de4','','N','string',NULL,'N','direct',NULL,NULL,NULL,NULL,'','2021-08-18 14:18:56','admin','2021-09-26 14:20:05','admin','N'),('611ca651e34f8f32bafda22efffe7c02','id','611ca47cb6b0010f74a2f7f1e2d237d2','60f7889eda82c124bedbdb06ea4795f2','','N','string',NULL,'N','data','611ca47cb6b0010f74a2f7f1e2d237d2',NULL,NULL,NULL,'','2021-08-18 14:18:57','admin','2021-09-26 14:20:05','admin','N'),('611ca652d2bdf886920e7596f5601d22','vpc_id','611ca47cb6b0010f74a2f7f1e2d237d2','60f817b607dd6a47bbe7c61d77a429e4','','N','string',NULL,'N','data','611c67197d6a9b788789e9e55fb6208d',NULL,NULL,NULL,'','2021-08-18 14:18:58','admin','2021-09-26 14:20:05','admin','N'),('611ca65368665e8f962518ad9ff76c07','cidr_block','611ca47cb6b0010f74a2f7f1e2d237d2','60f817c5d4b44fbe515974a0bf367948','','N','string',NULL,'N','direct',NULL,NULL,NULL,NULL,'','2021-08-18 14:18:59','admin','2021-09-26 14:20:05','admin','N'),('611ca654aba2a6db2ab65ec55bae4286','tags','611ca47cb6b0010f74a2f7f1e2d237d2','60f81829a2632e4c62592848593daf40','','N','object',NULL,'N','direct',NULL,NULL,NULL,NULL,'','2021-08-18 14:19:00','admin','2021-09-26 14:20:05','admin','N'),('611caa73940fb0e9a0d9ee39798a3d6c','tags','611ca9fb4735fe80e9b541bd32afe683','60f8107fd7a1d3ba1afe55255f1c19cb','','N','object',NULL,'N','direct',NULL,NULL,NULL,NULL,'','2021-08-18 14:36:35','admin','2021-09-26 14:20:05','admin','N'),('611caa7452418b311653e3c4757d2086','vpc_id','611ca9fb4735fe80e9b541bd32afe683','60f8111760b43cacdbd8f780574f7652','','N','string',NULL,'N','data','611c67197d6a9b788789e9e55fb6208d',NULL,NULL,NULL,'','2021-08-18 14:36:36','admin','2021-09-26 14:20:05','admin','N'),('611caa74f28345777edd888ec435c4ef','id','611ca9fb4735fe80e9b541bd32afe683','60f787d9d2cc09c70fe641a389f985ec','','N','string',NULL,'N','data','611ca9fb4735fe80e9b541bd32afe683',NULL,NULL,NULL,'','2021-08-18 14:36:36','admin','2021-09-26 14:20:05','admin','N'),('611caa77b251e90f0568b9a0292de276','id','611ca9fb4735fe80e9b541bd32afe683','60f787d9a7a790da9dd5f89d8482626d','','N','string',NULL,'N','direct',NULL,NULL,NULL,NULL,'','2021-08-18 14:36:39','admin','2021-09-26 14:20:05','admin','N'),('611cc4aa8d502bd37e55ac4ff198c444','name','611cc4674a03bc6eacc5bf945a022dee','60f7862264daec888fbc57b7e99df607','','N','string',NULL,'N','direct',NULL,NULL,NULL,NULL,'','2021-08-18 16:28:26','admin','2021-09-26 14:20:05','admin','N'),('611cc4aae240571eafd6ca2c6b2c385b','name','611cc4674a03bc6eacc5bf945a022dee','60f78622cabadfb52d0931093185428e','','N','string',NULL,'N','direct',NULL,NULL,NULL,NULL,'','2021-08-18 16:28:26','admin','2021-09-26 14:20:05','admin','N'),('611cc787c6633f290d14666a8f5078a0','id','611cc601a022e0a934cc0ec59d2e4f8e','60f7980e666e8810af1381047540e8e5','','N','string',NULL,'N','data','611cc601a022e0a934cc0ec59d2e4f8e',NULL,NULL,NULL,'','2021-08-18 16:40:39','admin','2021-09-26 14:20:05','admin','N'),('611cc78833d9f77f2ad34fbaba356689','id','611cc601a022e0a934cc0ec59d2e4f8e','60f7980e1161c200aad3b99e74047f9e','','N','string',NULL,'N','direct',NULL,NULL,NULL,NULL,'','2021-08-18 16:40:40','admin','2021-09-26 14:20:05','admin','N'),('611cc799399df4a137da5568f21c36b0','tags','611cc601a022e0a934cc0ec59d2e4f8e','60f827790c2c52bffc49f17f987ee2bf','','N','object',NULL,'N','direct',NULL,NULL,NULL,NULL,'','2021-08-18 16:40:57','admin','2021-09-26 14:20:05','admin','N'),('611cc7c9a47004d122db906d1ba5f8ca','ami','611cc601a022e0a934cc0ec59d2e4f8e','60f825ef35509d6600badaf8466bcc08','','N','string',NULL,'N','template',NULL,NULL,NULL,NULL,'','2021-08-18 16:41:45','admin','2021-09-26 14:20:05','admin','N'),('611cc7e1c26ef53b5feeb00509b1f02c','instance_type','611cc601a022e0a934cc0ec59d2e4f8e','60f825c86c8cadf70d3ee9dfdabb1c5a','','N','string',NULL,'N','template',NULL,NULL,NULL,NULL,'','2021-08-18 16:42:09','admin','2021-09-26 14:20:05','admin','N'),('611cc81dee9a3a5870a6eaeb60a5ad7c','availability_zone','611cc601a022e0a934cc0ec59d2e4f8e','60f826953db4b525f432f9c64f8e5285','','N','string',NULL,'N','data','611cc4674a03bc6eacc5bf945a022dee',NULL,NULL,NULL,'','0000-00-00 00:00:00','','2021-09-26 14:20:05','admin','N'),('611cc9152d555d7e883b4260d9a58692','security_groups','611cc601a022e0a934cc0ec59d2e4f8e','60f826acfa723e8b5eb60a81c35899bc','','N','string',NULL,'Y','data','611ca9fb4735fe80e9b541bd32afe683',NULL,NULL,NULL,'','0000-00-00 00:00:00','','2021-09-26 14:20:05','admin','N'),('611cc9a4705756deda4f58032a706436','private_ip','611cc601a022e0a934cc0ec59d2e4f8e','60f82623994b6d6d55bb989198b6c191','','N','string',NULL,'N','direct',NULL,NULL,NULL,NULL,'','2021-08-18 16:49:40','admin','2021-09-26 14:20:05','admin','N'),('611cca365bc85c00cf83a9922b8c94af','subnet_id','611cc601a022e0a934cc0ec59d2e4f8e','60f82610e901b8c96a08fd1076a7a9ee','','N','string',NULL,'N','data','611ca47cb6b0010f74a2f7f1e2d237d2',NULL,NULL,NULL,'','2021-08-18 16:52:06','admin','2021-09-26 14:20:05','admin','N'),('611db795ea97e74ece9330ea828068a2','root_block_device','611cc601a022e0a934cc0ec59d2e4f8e','611cdb13eeb07d657f3edf2c1e40d379','','N','object',NULL,'N','direct',NULL,NULL,NULL,NULL,'','2021-08-19 09:44:53','admin','2021-09-26 14:20:05','admin','N'),('611db7e4fc32715f7f4fd92ce8552c28','volume_size','611cc601a022e0a934cc0ec59d2e4f8e','60f8273333b9f55702546cd831ff31e2','','N','int','611db795ea97e74ece9330ea828068a2','N','direct',NULL,NULL,NULL,NULL,'','2021-08-19 09:46:12','admin','2021-09-26 14:20:05','admin','N'),('611db8028e5d155bb6af424a35574e4a','volume_type','611cc601a022e0a934cc0ec59d2e4f8e','60f8275a0d9f7300fb34772dcb6e1d65','','N','string','611db795ea97e74ece9330ea828068a2','N','template',NULL,NULL,NULL,NULL,'','0000-00-00 00:00:00','','2021-09-26 14:20:05','admin','N'),('611dc2ff5794c2f52844719f1e953263','id','611dc2d9c0c2f430c43c1f980bfe8f63','60f788ddfcfeb4076842292175efea70','','N','string',NULL,'N','data','611dc2d9c0c2f430c43c1f980bfe8f63',NULL,NULL,NULL,'','2021-08-19 10:33:35','admin','2021-09-26 14:20:05','admin','N'),('611dc3005ff40a50fc9af5a5fb0c6fa0','id','611dc2d9c0c2f430c43c1f980bfe8f63','60f788dd11b996e9f51facc2fa459edb','','N','string',NULL,'N','direct',NULL,NULL,NULL,NULL,'','2021-08-19 10:33:36','admin','2021-09-26 14:20:05','admin','N'),('611dc309eda13e6b0d124b8f560f2be3','tags','611dc2d9c0c2f430c43c1f980bfe8f63','60f81a7b906f7c7bac3f09accab19d23','','N','object',NULL,'N','direct',NULL,NULL,NULL,NULL,'','2021-08-19 10:33:45','admin','2021-09-26 14:20:05','admin','N'),('611dc6337b7e34f7bba8f17b128f1787','id','611dc606a87091744f3612c22509370a','60f7929363d91611a2301b75f15c6ce4','','N','string',NULL,'N','direct',NULL,NULL,NULL,NULL,'','0000-00-00 00:00:00','','2021-09-26 14:20:05','admin','N'),('611dc63490efba0a8b42d8b1cce7bfa5','id','611dc606a87091744f3612c22509370a','60f79293057e4e4dd04035f77d6e228c','','N','string',NULL,'N','data','611dc606a87091744f3612c22509370a',NULL,NULL,NULL,'','0000-00-00 00:00:00','','2021-09-26 14:20:05','admin','N'),('611dc63511bd98b608fac540c1ffd8d3','tags','611dc606a87091744f3612c22509370a','60f8203dfc278bc8df7d1a9ae1aacdf0','','N','object',NULL,'N','direct',NULL,NULL,NULL,NULL,'','0000-00-00 00:00:00','','2021-09-26 14:20:05','admin','N'),('611dc736500cc2907489fdc54f5a9182','subnet_id','611dc606a87091744f3612c22509370a','60f821832b269ae0a56733ba3fdedbb6','','N','string',NULL,'N','data','611ca47cb6b0010f74a2f7f1e2d237d2',NULL,NULL,NULL,'','2021-08-19 10:51:34','admin','2021-09-26 14:20:05','admin','N'),('611dc7fbceb3393bca3cb5a248cb4bba','allocation_id','611dc606a87091744f3612c22509370a','60f8216fc13db42368fd4eb709839327','','N','string',NULL,'N','data','611dc2d9c0c2f430c43c1f980bfe8f63',NULL,NULL,NULL,'','0000-00-00 00:00:00','','2021-09-26 14:20:05','admin','N'),('611dd3a7acdb85496e2d865767282167','id','611dd364a4bba5565a5a47acf80836b6','611dd2ac496dfae68f8207896f6bd421','','N','string',NULL,'N','direct',NULL,NULL,NULL,NULL,'','2021-08-19 11:44:39','admin','2021-09-26 14:20:05','admin','N'),('611dd3a894b3252e56932ec6df08760b','id','611dd364a4bba5565a5a47acf80836b6','611dd2acfd660c52743b16c9528ab06b','','N','string',NULL,'N','data','611dd364a4bba5565a5a47acf80836b6',NULL,NULL,NULL,'','2021-08-19 11:44:40','admin','2021-09-26 14:20:05','admin','N'),('611dd3a907976da752386c34945a0428','tags','611dd364a4bba5565a5a47acf80836b6','611dd2fa5d40c0efd4735320bbc9670c','','N','object',NULL,'N','direct',NULL,NULL,NULL,NULL,'','2021-08-19 11:44:41','admin','2021-09-26 14:20:05','admin','N'),('611dd3aabfca6cb5b5838a9c71ba372a','vpc_id','611dd364a4bba5565a5a47acf80836b6','611dd2ea63549ed8efa145f3ac4ac1f3','','N','string',NULL,'N','data','611c67197d6a9b788789e9e55fb6208d',NULL,NULL,NULL,'','2021-08-19 11:44:42','admin','2021-09-26 14:20:05','admin','N'),('611df5982ca2a28526e90076e4d89fe2','id','611df5165f804978ce27404ad106f8c8','60f787843c1c1dcdc41dc5e4fd7274e5','','N','string',NULL,'N','direct',NULL,NULL,NULL,NULL,'','2021-08-19 14:09:28','admin','2021-09-26 14:20:05','admin','N'),('611df598581d02bbc08cbdb3c3eb4005','id','611df5165f804978ce27404ad106f8c8','60f78784ca269de68b1d65fc3a0afc0b','','N','string',NULL,'N','data','611df5165f804978ce27404ad106f8c8',NULL,NULL,NULL,'','2021-08-19 14:09:28','admin','2021-09-26 14:20:05','admin','N'),('611df599bda9897196187291863b227f','route_table_id','611df5165f804978ce27404ad106f8c8','60f809c19149f0b8ea3b7d301c24dc25','','N','string',NULL,'N','data','611c83f4e2141751dd4a0a32190ed689',NULL,NULL,NULL,'','2021-08-19 14:09:29','admin','2021-09-26 14:20:05','admin','N'),('611dfc283fde608e7904188c7b562634','destination_cidr_block','611df5165f804978ce27404ad106f8c8','60f80a356b33049c85bfe56fc3ac2857','','N','string',NULL,'N','direct',NULL,NULL,NULL,NULL,'','2021-08-19 14:37:28','admin','2021-09-26 14:20:05','admin','N'),('611dfc29ca77cb377941274a51b9e076','nat_gateway_id','611df5165f804978ce27404ad106f8c8','60f809ae6074041030af5d856d2ac1d8','','N','string',NULL,'N','data','611dc606a87091744f3612c22509370a',NULL,NULL,NULL,'','0000-00-00 00:00:00','','2021-09-26 14:20:05','admin','N'),('611e06b452b3e68019c798b2078fc89a','id','611e065bf26f74a09cdda4c83574a6c6','60f7883ac31bea897515331ef3537f84','','N','string',NULL,'N','data','611e065bf26f74a09cdda4c83574a6c6',NULL,NULL,NULL,'','0000-00-00 00:00:00','','2021-09-26 14:20:05','admin','N'),('611e06b4f0669ea0aef0dc228b0fd3fd','id','611e065bf26f74a09cdda4c83574a6c6','60f7883a1578733efd088067ff136de7','','N','string',NULL,'N','direct',NULL,NULL,NULL,NULL,'','0000-00-00 00:00:00','','2021-09-26 14:20:05','admin','N'),('611e07758ca8781c4a95f021feb13a33','type','611e065bf26f74a09cdda4c83574a6c6','60f812ad0cf4cf35dbfaec12b7476533','','N','string',NULL,'N','template',NULL,NULL,NULL,NULL,'','0000-00-00 00:00:00','','2021-09-26 14:20:05','admin','N'),('611e080e8e8e8d9a0a35b8c045f01b80','protocol','611e065bf26f74a09cdda4c83574a6c6','60f812199e52fadafdc6639a918e86cc','','N','string',NULL,'N','template',NULL,NULL,NULL,NULL,'','0000-00-00 00:00:00','','2021-09-26 14:20:05','admin','N'),('611e08d06702dd8a1251b1d5000c30ab','from_port','611e065bf26f74a09cdda4c83574a6c6','60f811e00916027b64080bc09c9f7d5e','','N','int',NULL,'N','function',NULL,NULL,NULL,NULL,'{\"function\":\"split\",\"args\":{\"splitChar\":[\"-\"]},\"return\":\"result[0]\"}','0000-00-00 00:00:00','','2021-09-26 14:20:05','admin','N'),('611e08d145f06b1bc2538fd26254e424','to_port','611e065bf26f74a09cdda4c83574a6c6','60f811e00916027b64080bc09c9f7d5e','','N','int',NULL,'N','function',NULL,NULL,NULL,NULL,'{\"function\":\"split\",\"args\":{\"splitChar\":[\"-\"]},\"return\":\"result[1]\"}','0000-00-00 00:00:00','','2021-09-26 14:20:05','admin','N'),('611e0922a3faf8dfdbe12ffb677ea4a6','cidr_blocks','611e065bf26f74a09cdda4c83574a6c6','60f811d812796c19ff3f47e60d3b1e78','','N','string',NULL,'Y','direct',NULL,NULL,NULL,NULL,'','2021-08-19 15:32:50','admin','2021-09-26 14:20:05','admin','N'),('611e0958c1ee310c3c34593acaef9713','security_group_id','611e065bf26f74a09cdda4c83574a6c6','60f811cd2656da4dbbf60ce43b1edb51','','N','string',NULL,'N','data','611ca9fb4735fe80e9b541bd32afe683',NULL,NULL,NULL,'','2021-08-19 15:33:44','admin','2021-09-26 14:20:05','admin','N'),('611e131367e3427a8cefd1feddc677aa','description','611e065bf26f74a09cdda4c83574a6c6','60f812ce6c782cf9a6c6ed8e3d988b52','','N','string',NULL,'N','direct',NULL,NULL,NULL,NULL,'','2021-08-19 16:15:15','admin','2021-09-26 14:20:05','admin','N'),('611e189ac9139200d5d8f27010a5a9f4','id','611e17d37c81d43a54423111b82c460d','60f7922512685547e860b610aca027d5','','N','string',NULL,'N','direct',NULL,NULL,NULL,NULL,'','2021-08-19 16:38:50','admin','2021-09-26 14:20:05','admin','N'),('611e189bc2da7cdec8ec8b8a57861c16','id','611e17d37c81d43a54423111b82c460d','60f792256b72e27801367d3c64e26c62','','N','string',NULL,'N','data','611e17d37c81d43a54423111b82c460d',NULL,NULL,NULL,'','2021-08-19 16:38:51','admin','2021-09-26 14:20:05','admin','N'),('611e189c9797d123bfd9f673934e8dad','peer_vpc_id','611e17d37c81d43a54423111b82c460d','611e197ab4e15dc5995da071e019c149','','N','string',NULL,'N','data','611c67197d6a9b788789e9e55fb6208d',NULL,NULL,NULL,'','2021-08-19 16:38:52','admin','2021-09-26 14:20:05','admin','N'),('611e189d9d678eae5344a3c2b50d2b6d','vpc_id','611e17d37c81d43a54423111b82c460d','60f81d98013aaf18c557e726f0e30f6c','','N','string',NULL,'N','data','611c67197d6a9b788789e9e55fb6208d',NULL,NULL,NULL,'','2021-08-19 16:38:53','admin','2021-09-26 14:20:05','admin','N'),('611e189e80c138da5e1def66ea2724b8','tags','611e17d37c81d43a54423111b82c460d','60f81f433c33c7c88c8747442e308c18','','N','object',NULL,'N','direct',NULL,NULL,NULL,NULL,'','2021-08-19 16:38:54','admin','2021-09-26 14:20:05','admin','N'),('611e200211a01099dcd2fb98eaee7d59','auto_accept','611e17d37c81d43a54423111b82c460d','611e1fdc6734009c3b2542cbcf29ccd2','','N','string',NULL,'N','direct',NULL,NULL,NULL,NULL,'','2021-08-19 17:10:26','admin','2021-09-26 14:20:05','admin','N'),('611e23c448faf2acfa779eedd9fb5022','id','611e238d6095eed4e7f3fb45db52fbca','60f8ed6291afc5967327e107765e418e','','N','string',NULL,'N','data','611e238d6095eed4e7f3fb45db52fbca',NULL,NULL,NULL,'','0000-00-00 00:00:00','','2021-09-26 14:20:05','admin','N'),('611e23c56bd7126b3f2dcf2fc2b9600e','id','611e238d6095eed4e7f3fb45db52fbca','60f8ed627e9ea8f451db0cba793f7293','','N','string',NULL,'N','direct',NULL,NULL,NULL,NULL,'','0000-00-00 00:00:00','','2021-09-26 14:20:05','admin','N'),('611e241876b89246528509b81f7d7bc6','availability_zone','611e238d6095eed4e7f3fb45db52fbca','60f8ee6f6a67e84ff76f91ef5d911e4c','','N','string',NULL,'N','data','611cc4674a03bc6eacc5bf945a022dee',NULL,NULL,NULL,'','0000-00-00 00:00:00','','2021-09-26 14:20:05','admin','N'),('611e2440d4502cab198fb59539402277','size','611e238d6095eed4e7f3fb45db52fbca','60f8ed951541e466bd020d9a6559ce1e','','N','int',NULL,'N','direct',NULL,NULL,NULL,NULL,'','0000-00-00 00:00:00','','2021-09-26 14:20:05','admin','N'),('611e24549b278d926425c3fe9220b5ec','tags','611e238d6095eed4e7f3fb45db52fbca','60f8edf05bc66320a68141062c58d485','','N','object',NULL,'N','direct',NULL,NULL,NULL,NULL,'','0000-00-00 00:00:00','','2021-09-26 14:20:05','admin','N'),('611e247062a04cc237dc6b701f09519e','type','611e238d6095eed4e7f3fb45db52fbca','60f8ed896350d7ccc9c13f7ce3a3b8ee','','N','string',NULL,'N','template',NULL,NULL,NULL,NULL,'','0000-00-00 00:00:00','','2021-09-26 14:20:05','admin','N'),('611e25b69802ee701175e8376c402b97','volume_id','611e254b504207d2ec3a93e53a6d9647',NULL,'','N','string',NULL,'N','data','611e238d6095eed4e7f3fb45db52fbca',NULL,NULL,NULL,'','0000-00-00 00:00:00','','2021-09-26 14:20:05','admin','Y'),('611e25cf372875b71029bc44450cbe18','ROOT','611e254b504207d2ec3a93e53a6d9647','60f8edafb37e08b663ff8e3f0dca8484','','N','string',NULL,'N','direct',NULL,NULL,NULL,NULL,'','0000-00-00 00:00:00','','2021-09-26 14:20:05','admin','N'),('611e25ff038c6b32a9eb6220e00931db','instance_id','611e254b504207d2ec3a93e53a6d9647','60f8edafb37e08b663ff8e3f0dca8484','','N','string',NULL,'N','data','611cc601a022e0a934cc0ec59d2e4f8e',NULL,NULL,NULL,'','0000-00-00 00:00:00','','2021-09-26 14:20:05','admin','Y'),('611e2b71e8fc06f0e5646b407bc92817','device_name','611e254b504207d2ec3a93e53a6d9647','611e2b58aa324a58f9023b3609c93bac','','N','string',NULL,'N','direct',NULL,NULL,NULL,NULL,'','2021-08-19 17:59:13','admin','2021-09-26 14:20:05','admin','N'),('611e3ed19d864c539564e6cf65e7e1f5','','611c830536645c331935c4733e2573c2',NULL,'','N','',NULL,'N','direct',NULL,NULL,NULL,NULL,'','2021-08-19 19:21:53','admin','2021-09-26 14:20:05','admin','N'),('611e478595f824ad1e60cea38699a16b','id','611e470e9f45339e50760b867fef1bd9','60f788e678a0b149348e7d9ea508a758','','N','string',NULL,'N','data','611dc2d9c0c2f430c43c1f980bfe8f63',NULL,NULL,NULL,'','2021-08-19 19:59:01','admin','2021-09-26 14:20:05','admin','N'),('611e4787e8057fffe8bbe87460ed1626','id','611e470e9f45339e50760b867fef1bd9','60f788e696229ba31a49c1b33df23163','','N','string',NULL,'N','direct',NULL,NULL,NULL,NULL,'','2021-08-19 19:59:03','admin','2021-09-26 14:20:05','admin','N'),('611f0e94657b561f8f16c607677be86d','id','611b88a4360e625b38a94043d758db90',NULL,'','N','string',NULL,'N','attribute','611c830536645c331935c4733e2573c2','611f0f2bdfc986c8ca36a9a06e09ebf3',NULL,NULL,'','2021-08-20 10:08:20','admin','2021-09-26 14:20:05','admin','N'),('611f20cc30a9872ec8afb536c58c5a29','ROOT','611b88a4360e625b38a94043d758db90',NULL,'','N','string',NULL,'Y','attribute','611c830536645c331935c4733e2573c2','611f0f2bdfc986c8ca36a9a06e09ebf3',NULL,NULL,'','2021-08-20 11:26:04','admin','2021-09-26 14:20:05','admin','N'),('611f4ea937a7746f831c9477f53dc42d','vpc_id','611f4e74e36bc79d90c0665e3ca344a5','60f7dc048d71e2f06bc0e4dd9d762c85','','N','string',NULL,'N','data','611c67197d6a9b788789e9e55fb6208d',NULL,NULL,NULL,'','2021-08-20 14:41:45','admin','2021-09-26 14:20:05','admin','N'),('611f4f508479e6a457d53c338a59b110','ROOT','611f4ef7ba77db690d608afcdd0926d6',NULL,'','N','string',NULL,'Y','attribute','611f4e74e36bc79d90c0665e3ca344a5','611f4eeaa342ee90a2307e7f348d316f',NULL,NULL,'','2021-08-20 14:44:32','admin','2021-09-26 14:20:05','admin','N'),('611f4f51b4d6f1fd7e765b2b037c3328','route_table_id','611f4ef7ba77db690d608afcdd0926d6',NULL,'','N','string',NULL,'N','attribute','611f4e74e36bc79d90c0665e3ca344a5','611f4eeaa342ee90a2307e7f348d316f',NULL,NULL,'','2021-08-20 14:44:33','admin','2021-09-26 14:20:05','admin','N'),('611f596b91d1296cb6cfef80a7044fa7','ROOT','611f5930d6ce503cc1cb7bc03c2c023d',NULL,'','N','string',NULL,'Y','attribute','611f58763707bebbdf93fc8dac78bb4f','611f58e9450629270157bef2b7d407d4',NULL,NULL,'','0000-00-00 00:00:00','','2021-09-26 14:20:05','admin','N'),('611f5974f3281e704559dec66cddc122','id','611f5930d6ce503cc1cb7bc03c2c023d',NULL,'','N','string',NULL,'N','attribute','611f58763707bebbdf93fc8dac78bb4f','611f58e9450629270157bef2b7d407d4',NULL,NULL,'','2021-08-20 15:27:48','admin','2021-09-26 14:20:05','admin','N'),('611f5a611507e39587087c443659aacd','vpc_id','611f58763707bebbdf93fc8dac78bb4f','60f818bdc4b8a40a99af6937f824b35d','','N','string',NULL,'N','data','611c67197d6a9b788789e9e55fb6208d',NULL,NULL,NULL,'','2021-08-20 15:31:45','admin','2021-09-26 14:20:05','admin','N'),('611f5f1827e9bf7cfeba2ff234d93cd7','id','611f5e0e159aa193a1ac9c68abdbdab5',NULL,'','N','string',NULL,'N','attribute','611f5dae1cca23ea961d036e0c7add8b','611f5de390046e230989d00043c227fb',NULL,NULL,'','2021-08-20 15:51:52','admin','2021-09-26 14:20:05','admin','N'),('611f5f1aa3101d51c7bca963552cc97a','ROOT','611f5e0e159aa193a1ac9c68abdbdab5',NULL,'','N','string',NULL,'Y','attribute','611f5dae1cca23ea961d036e0c7add8b','611f5de390046e230989d00043c227fb',NULL,NULL,'','2021-08-20 15:51:54','admin','2021-09-26 14:20:05','admin','N'),('611f5f9a72dcd7014a59ffabe2a295cc','filter','611f5dae1cca23ea961d036e0c7add8b','611f605b06d9ab1c4bd0163a8c046212','','N','object',NULL,'N','direct',NULL,NULL,NULL,NULL,'','0000-00-00 00:00:00','','2021-09-26 14:20:05','admin','N'),('611f626f379b6e27cda4f97072663ce2','values','611f5dae1cca23ea961d036e0c7add8b','611f62330df431163fc126209c31f168','','N','string','611f5f9a72dcd7014a59ffabe2a295cc','Y','data','611c67197d6a9b788789e9e55fb6208d',NULL,NULL,NULL,'','2021-08-20 16:06:07','admin','2021-09-26 14:20:05','admin','N'),('611f65ea302f994b1e1567bbd0c6baa6','name','611f5dae1cca23ea961d036e0c7add8b','611f622045b556b3344540adcf1d79fc','','N','string','611f5f9a72dcd7014a59ffabe2a295cc','N','direct',NULL,NULL,NULL,NULL,'','2021-08-20 16:20:58','admin','2021-09-26 14:20:05','admin','N'),('611f6837d3e5e62e336e9efbc23e83f8','filter','611f6832f722dbc3019ef0c50fc2944d','611f6a8321bed8a37206bd9ed69d2df5','','N','object',NULL,'N','direct',NULL,NULL,NULL,NULL,'','2021-08-20 16:30:47','admin','2021-09-26 14:20:05','admin','N'),('611f690c24eff09fd748228a05754236','ROOT','611f68be199e1b29be838f3b997793e6',NULL,'','N','string',NULL,'Y','attribute','611f6832f722dbc3019ef0c50fc2944d','611f6865752043cdcd9b6029d510f5f1',NULL,NULL,'','2021-08-20 16:34:20','admin','2021-09-26 14:20:05','admin','N'),('611f690c52c06c38fe8cd2cb698bf703','instance_id','611f68be199e1b29be838f3b997793e6',NULL,'','N','string',NULL,'N','attribute','611f6832f722dbc3019ef0c50fc2944d','611f6865752043cdcd9b6029d510f5f1',NULL,NULL,'','2021-08-20 16:34:20','admin','2021-09-26 14:20:05','admin','N'),('611f6acb6406c7bf3e396c42148865dc','name','611f6832f722dbc3019ef0c50fc2944d','611f6aa06419c4abf48db0906c74e94c','','N','string','611f6837d3e5e62e336e9efbc23e83f8','N','direct',NULL,NULL,NULL,NULL,'','0000-00-00 00:00:00','','2021-09-26 14:20:05','admin','N'),('611f6ae90a1e054443f57cfc0e0ce35b','values','611f6832f722dbc3019ef0c50fc2944d','611f6ab0a998cd10bc6825ae4ae7fd72','','N','string','611f6837d3e5e62e336e9efbc23e83f8','Y','data','611c67197d6a9b788789e9e55fb6208d',NULL,NULL,NULL,'','2021-08-20 16:42:17','admin','2021-09-26 14:20:05','admin','N'),('611f795626a0b5655b8fe2e1351e759a','internet_gateway_id','611f79239147a0913e9ecb8cad4a5c35','611dd2b9cdb5ff4ab9bc8442a41e6c04','','N','string',NULL,'N','data','611dd364a4bba5565a5a47acf80836b6',NULL,NULL,NULL,'','0000-00-00 00:00:00','','2021-09-26 14:20:05','admin','N'),('611f795695adc0513245a1a3d8a3172d','internet_gateway_id','611f79239147a0913e9ecb8cad4a5c35','611dd2b967e724ba3397a6e475f6552b','','N','string',NULL,'N','direct',NULL,NULL,NULL,NULL,'','0000-00-00 00:00:00','','2021-09-26 14:20:05','admin','N'),('611f7af432fafdd4d9ffa41343dd6681','id','611f7ab7d8adca9c8b89ee0e228c0797','60f792acedee604b65fe2666c6cf4e0e','','N','string',NULL,'N','data','611dc606a87091744f3612c22509370a',NULL,NULL,NULL,'','2021-08-20 17:50:44','admin','2021-09-26 14:20:05','admin','N'),('611f7af4af6ebd64c0e4752da828f9b6','id','611f7ab7d8adca9c8b89ee0e228c0797','60f792ac24acc9a421a2a2d8ceb927d0','','N','string',NULL,'N','direct',NULL,NULL,NULL,NULL,'','2021-08-20 17:50:44','admin','2021-09-26 14:20:05','admin','N'),('611f7b0c437a0d949753e3c1010a6785','vpc_id','611f7ab7d8adca9c8b89ee0e228c0797','60f821ab1e9f9de5349f83673fcea75a','','N','string',NULL,'N','data','611c67197d6a9b788789e9e55fb6208d',NULL,NULL,NULL,'','2021-08-20 17:51:08','admin','2021-09-26 14:20:05','admin','N'),('611f7eade3167eab9733c0d14118be32','route_table_id','611f7e8fd24759e9aa54aa019bb781b2','60f80c491bc00700d6885478b4862ee3','','N','string',NULL,'N','data','611c83f4e2141751dd4a0a32190ed689',NULL,NULL,NULL,'','0000-00-00 00:00:00','','2021-09-26 14:20:05','admin','N'),('611f801bf07fbbbe08b0e0781a6a646c','destination_cidr_block','611f7e8fd24759e9aa54aa019bb781b2','611f800594b3eb2b66e8dd7307850f9a','','N','string',NULL,'N','direct',NULL,NULL,NULL,NULL,'','2021-08-20 18:12:43','admin','2021-09-26 14:20:05','admin','N'),('611f82271c4357bde34d06d4a7b212b9','','611f8204ae2744cb85fa7e228bca8317',NULL,'','N','',NULL,'N','direct',NULL,NULL,NULL,NULL,'','2021-08-20 18:21:27','admin','2021-09-26 14:20:05','admin','N'),('611f82c465132b3bd86174a8d152f6de','ROOT','611f826f387cc22295360b07f821b605',NULL,'','N','string',NULL,'Y','attribute','611f8204ae2744cb85fa7e228bca8317','611f82520e51b7db532e199e731bab1f',NULL,NULL,'','2021-08-20 18:24:04','admin','2021-09-26 14:20:05','admin','N'),('611f82c511f88b388bf4988b63f3eb1f','id','611f826f387cc22295360b07f821b605',NULL,'','N','string',NULL,'N','attribute','611f8204ae2744cb85fa7e228bca8317','611f82520e51b7db532e199e731bab1f',NULL,NULL,'','2021-08-20 18:24:05','admin','2021-09-26 14:20:05','admin','N'),('611f8ecbac6715452ea5d000ca940280','','611f8ec3d13ef2b03dd214c112c4b871',NULL,'','N','',NULL,'N','direct',NULL,NULL,NULL,NULL,'','2021-08-20 19:15:23','admin','2021-09-26 14:20:05','admin','N'),('611f8f3a9048e64dd7ef7717f01faebe','values','611f8f07e72114570911e86f86982a3b',NULL,'','N','string','6124702fc6ba7ce9e8439525052a62ff','N','attribute','611f8ec3d13ef2b03dd214c112c4b871','611f8ef2bae4010b7bcf33f0373e39db',NULL,NULL,'','2021-08-20 19:17:14','admin','2021-09-26 14:20:05','admin','N'),('6122fd6a2e35f045bee7d093cedec8b9','arn','6122fcff8bb6fa9e9fcf44fd74a89400','610a0610b16ee89a63679b6cf8a3e0ff','','N','string',NULL,'N','direct',NULL,NULL,NULL,NULL,'','0000-00-00 00:00:00','','2021-09-26 14:20:05','admin','N'),('6122fd6a96a802e70b7f47d47d89f477','arn','6122fcff8bb6fa9e9fcf44fd74a89400','610a06109024404bb9525cc211bfc609','','N','string',NULL,'N','data','6122fcff8bb6fa9e9fcf44fd74a89400',NULL,NULL,NULL,'','0000-00-00 00:00:00','','2021-09-26 14:20:05','admin','N'),('6122fdbe54fdd1e1fb661cb99570b62e','cluster_id','6122fcff8bb6fa9e9fcf44fd74a89400','610a0b8f0cc33a6024f82c8a95c5ade4','','N','string',NULL,'N','direct',NULL,NULL,NULL,NULL,'','0000-00-00 00:00:00','','2021-09-26 14:20:05','admin','N'),('6122fe4adddd629ecd3b475d47c649ee','availability_zone','6122fcff8bb6fa9e9fcf44fd74a89400','610a0b6ced742467f188d665ca898712','','N','string',NULL,'N','data','611cc4674a03bc6eacc5bf945a022dee',NULL,NULL,NULL,'','0000-00-00 00:00:00','','2021-09-26 14:20:05','admin','N'),('6122fe6dfde78b184bae909a12fdd5bc','port','6122fcff8bb6fa9e9fcf44fd74a89400','610a0b9f5758b5d4ff7b12bf2178a5bc','','N','int',NULL,'N','direct',NULL,NULL,NULL,NULL,'','0000-00-00 00:00:00','','2021-09-26 14:20:05','admin','N'),('61230e61211402d6447c6caddaf9ab7a','engine','6122fcff8bb6fa9e9fcf44fd74a89400','61230e55227b723714d6b376f13ccf8d','','N','string',NULL,'N','direct',NULL,NULL,NULL,NULL,'','0000-00-00 00:00:00','','2021-09-26 14:20:05','admin','N'),('61230e85ef67a1a6add98c5f0020e817','node_type','6122fcff8bb6fa9e9fcf44fd74a89400','610a0b2decb56b5c7c00f50bd963acdb','','N','string',NULL,'N','template',NULL,NULL,NULL,NULL,'','2021-08-23 10:57:09','admin','2021-09-26 14:20:05','admin','N'),('61230ec1be9ac6100a8152b5025a57a0','num_cache_nodes','6122fcff8bb6fa9e9fcf44fd74a89400','61230eb2cf6a676b8e399699bec63d57','','N','int',NULL,'N','direct',NULL,NULL,NULL,NULL,'','2021-08-23 10:58:09','admin','2021-09-26 14:20:05','admin','N'),('61230f065587b8d52bf94e0c871de3b8','parameter_group_name','6122fcff8bb6fa9e9fcf44fd74a89400','61230ef6f509ed6907a8a951f1153091','','N','string',NULL,'N','direct',NULL,NULL,NULL,NULL,'','2021-08-23 10:59:18','admin','2021-09-26 14:20:05','admin','N'),('61230f082ead5159280872e8a81d41f5','tags','6122fcff8bb6fa9e9fcf44fd74a89400','610a176630dd5e78157f81eb0c996116','','N','object',NULL,'N','direct',NULL,NULL,NULL,NULL,'','2021-08-23 10:59:20','admin','2021-09-26 14:20:05','admin','N'),('61231014e1aad5c77625035c1aae5c22','cluster_id','61230ffb58288b44e5f0bed41f4156eb','61234ab5de35419dec7decb9f70cee39','','N','string',NULL,'N','direct',NULL,NULL,NULL,NULL,'','2021-08-23 11:03:48','admin','2021-09-26 14:20:05','admin','N'),('6123115decb5875f5611c493a2754a0d','id','6123111c1cf1397ec5e8ca97308fc6a2','60f79948e4a00a68458e916d3177d1ae','','N','string',NULL,'N','direct',NULL,NULL,NULL,NULL,'','2021-08-23 11:09:17','admin','2021-09-26 14:20:05','admin','N'),('6123115e30b4c82c1ffcdf4713b7614e','id','6123111c1cf1397ec5e8ca97308fc6a2','60f7994874e251ac8e0bb4bb4a28ae3a','','N','string',NULL,'N','data','6123111c1cf1397ec5e8ca97308fc6a2',NULL,NULL,NULL,'','2021-08-23 11:09:18','admin','2021-09-26 14:20:05','admin','N'),('612311c9e847229f3f08ed3b1861ccbf','allocated_storage','6123111c1cf1397ec5e8ca97308fc6a2','60fe11a704b84114ae6c82b1431b246f','','N','int',NULL,'N','direct',NULL,NULL,NULL,NULL,'','2021-08-23 11:11:05','admin','2021-09-26 14:20:05','admin','N'),('612311da741dcea6860c6583f5592438','engine','6123111c1cf1397ec5e8ca97308fc6a2','61231194ba3d23c9f82dc62c6cf0fcc4','','N','string',NULL,'N','direct',NULL,NULL,NULL,NULL,'','2021-08-23 11:11:22','admin','2021-09-26 14:20:05','admin','N'),('612311f07ba7581ee68506b5a1471161','engine_version','6123111c1cf1397ec5e8ca97308fc6a2','60fbe5da0aa187813acdf2a745a20dc1','','N','string',NULL,'N','template',NULL,NULL,NULL,NULL,'','2021-08-23 11:11:44','admin','2021-09-26 14:20:05','admin','N'),('612312034d7da124738897ba5688885e','instance_class','6123111c1cf1397ec5e8ca97308fc6a2','60fbe5dadfce82748e94a7a2e444c9e3','','N','string',NULL,'N','template',NULL,NULL,NULL,NULL,'','2021-08-23 11:12:03','admin','2021-09-26 14:20:05','admin','N'),('6123121f46df59c24002eb616fe0b5a4','name','6123111c1cf1397ec5e8ca97308fc6a2','60fbe532066cee3dc6ab620fd0e1c418','','N','string',NULL,'N','direct',NULL,NULL,NULL,NULL,'','2021-08-23 11:12:31','admin','2021-09-26 14:20:05','admin','N'),('612312bb6624047006c0d3794236d99c','username','6123111c1cf1397ec5e8ca97308fc6a2','612312a0f5007d0d4080492087c7314a','','N','string',NULL,'N','direct',NULL,NULL,NULL,NULL,'','2021-08-23 11:15:07','admin','2021-09-26 14:20:05','admin','N'),('612312ec74bec42d70c75d814ed51bc1','password','6123111c1cf1397ec5e8ca97308fc6a2','60fbe544fa6ac74da9502f6648bb7da0','','N','string',NULL,'N','direct',NULL,NULL,NULL,NULL,'','2021-08-23 11:15:56','admin','2021-09-26 14:20:05','admin','N'),('61231333de3ab052e3e1267f9c29a5de','port','6123111c1cf1397ec5e8ca97308fc6a2','60fbfa37c586777e8b811a338c45d979','','N','int',NULL,'N','direct',NULL,NULL,NULL,NULL,'','2021-08-23 11:17:07','admin','2021-09-26 14:20:05','admin','N'),('612313b4417460ab27879a9edc7b6517','db_instance_identifier','6123135ab0a9ca49f84de9d42ca177d5','60f79954d25410dc3fc7a5e0989aa5a8','','N','string',NULL,'N','direct',NULL,NULL,NULL,NULL,'','2021-08-23 11:19:16','admin','2021-09-26 14:20:05','admin','N'),('612313b4eae0efdc0d6c95b5b4080455','db_instance_identifier','6123135ab0a9ca49f84de9d42ca177d5','60f799545aaec83ad5905c7752663cbc','','N','string',NULL,'N','data','6123111c1cf1397ec5e8ca97308fc6a2',NULL,NULL,NULL,'','2021-08-23 11:19:16','admin','2021-09-26 14:20:05','admin','N'),('612315def0725cc1bb6fc17e9060947d','id','612315b43c5b7099d4afc15b61363d54','60f7997f938d6e35a2c6ec81494e2f1a','','N','string',NULL,'N','direct',NULL,NULL,NULL,NULL,'','2021-08-23 11:28:30','admin','2021-09-26 14:20:05','admin','N'),('612315dfc237ae8a95f46670439e85f9','id','612315b43c5b7099d4afc15b61363d54','60f7997fe5d6443352d12a6ace6c05f0','','N','string',NULL,'N','data','612315b43c5b7099d4afc15b61363d54',NULL,NULL,NULL,'','2021-08-23 11:28:31','admin','2021-09-26 14:20:05','admin','N'),('612315fe5c0c74288ec18e628a662638','name','612315b43c5b7099d4afc15b61363d54','60f8dbaf09b97565d5276fa05cbd13f8','','N','string',NULL,'N','direct',NULL,NULL,NULL,NULL,'','2021-08-23 11:29:02','admin','2021-09-26 14:20:05','admin','N'),('612316cd5ec119dbc3213c9190577385','tags','612315b43c5b7099d4afc15b61363d54','60f8dbb6f8d4e511173c5bf52842f049','','N','object',NULL,'N','direct',NULL,NULL,NULL,NULL,'','2021-08-23 11:32:29','admin','2021-09-26 14:20:05','admin','N'),('61231710c889e464f34cf5d0359d9f9d','subnets','612315b43c5b7099d4afc15b61363d54','612385981ed11b91c5a874631e99be11','','N','string',NULL,'Y','data','611ca47cb6b0010f74a2f7f1e2d237d2',NULL,NULL,NULL,'','2021-08-23 11:33:36','admin','2021-09-26 14:20:05','admin','N'),('6123175385005506e995bea2f25f76c1','security_groups','612315b43c5b7099d4afc15b61363d54','60fbc7233e18a254f1cf6d953f6894a2','','N','string',NULL,'Y','data','611ca9fb4735fe80e9b541bd32afe683',NULL,NULL,NULL,'','2021-08-23 11:34:43','admin','2021-09-26 14:20:05','admin','N'),('612317dccd0e990e3ca96b5fc0661271','id','612317b9d4ff2cb926ed57d0aacd7944','60f7998822024115e1cd7864c6229431','','N','string',NULL,'N','direct',NULL,NULL,NULL,NULL,'','2021-08-23 11:37:00','admin','2021-09-26 14:20:05','admin','N'),('612317dd862814b8d54067c07640d8ae','id','612317b9d4ff2cb926ed57d0aacd7944','60f79988f65dfbedfcf8a04ec82cae30','','N','string',NULL,'N','data','612317b9d4ff2cb926ed57d0aacd7944',NULL,NULL,NULL,'','2021-08-23 11:37:01','admin','2021-09-26 14:20:05','admin','N'),('61231864a302c3eaa747000f9cee9f6d','id','61231843bf12c8aa08b30ca163b534cf','60f79ae5f8a660158997d98614b88c40','','N','string',NULL,'N','direct',NULL,NULL,NULL,NULL,'','2021-08-23 11:39:16','admin','2021-09-26 14:20:05','admin','N'),('6123186580ede0e665d48a429c4be193','id','61231843bf12c8aa08b30ca163b534cf','60f79ae5bad6825dbe8c32b96396f2d5','','N','string',NULL,'N','data','61231843bf12c8aa08b30ca163b534cf',NULL,NULL,NULL,'','2021-08-23 11:39:17','admin','2021-09-26 14:20:05','admin','N'),('61231880e72af955c6b53072a6bc42b3','load_balancer_arn','61231843bf12c8aa08b30ca163b534cf','60f8dee0f58490e303c33c70d48ab57b','','N','string',NULL,'N','data','612315b43c5b7099d4afc15b61363d54',NULL,NULL,NULL,'','2021-08-23 11:39:44','admin','2021-09-26 14:20:05','admin','N'),('612318a86e699b9e674b89529153ede5','port','61231843bf12c8aa08b30ca163b534cf','60f8def2168a7ab3692a3a0c07599bd1','','N','string',NULL,'N','direct',NULL,NULL,NULL,NULL,'','2021-08-23 11:40:24','admin','2021-09-26 14:20:05','admin','N'),('612318a8b4970d74d07e687d91eaa469','protocol','61231843bf12c8aa08b30ca163b534cf','60f8dfa9d8d09c5b74a1400ae35ba827','','N','string',NULL,'N','template',NULL,NULL,NULL,NULL,'','2021-08-23 11:40:24','admin','2021-09-26 14:20:05','admin','N'),('612319c1885a84656ffd1ea25e91843f','default_action','61231843bf12c8aa08b30ca163b534cf','612319b175cb11d2857d136bf755f57e','','N','object',NULL,'N','direct',NULL,NULL,NULL,NULL,'','0000-00-00 00:00:00','','2021-09-26 14:20:05','admin','N'),('612319ef6582dd2a8a4cc8581629a0f8','type','61231843bf12c8aa08b30ca163b534cf','612319e1c0a4337dd82c3400fb40925e','','N','string','612319c1885a84656ffd1ea25e91843f','N','direct',NULL,NULL,NULL,NULL,'','0000-00-00 00:00:00','','2021-09-26 14:20:05','admin','N'),('61231a0952176660a5f604c5d1398128','target_group_arn','61231843bf12c8aa08b30ca163b534cf','6108f1bb33b53ec2c8c91e7b2813056d','','N','string','612319c1885a84656ffd1ea25e91843f','N','data','6123216d15af15972b13717879bf3472',NULL,NULL,NULL,'','2021-08-23 11:46:17','admin','2021-09-26 14:20:05','admin','N'),('6123210b09a9f5c12ef015423411846f','id','612320e51f9b9f2fe02c735fd6e5d2d0','60f79af7e71e7a28e2f8ccf970724198','','N','string',NULL,'N','direct',NULL,NULL,NULL,NULL,'','2021-08-23 12:16:11','admin','2021-09-26 14:20:05','admin','N'),('6123210bff2b95a267ae8989d80f80a5','id','612320e51f9b9f2fe02c735fd6e5d2d0','60f79af7e10e0004be3c416b15f998aa','','N','string',NULL,'N','data','61231843bf12c8aa08b30ca163b534cf',NULL,NULL,NULL,'','2021-08-23 12:16:11','admin','2021-09-26 14:20:05','admin','N'),('612321263b53f4354773106dcd2ea6c7','load_balancer_arn','612320e51f9b9f2fe02c735fd6e5d2d0','60f8e52c4678d4f42999b9b709dbaceb','','N','string',NULL,'N','data','612315b43c5b7099d4afc15b61363d54',NULL,NULL,NULL,'','2021-08-23 12:16:38','admin','2021-09-26 14:20:05','admin','N'),('6123219829bf02de1b77a99268d7e26b','id','6123216d15af15972b13717879bf3472','6108ed64ec399fe069806db7345ea073','','N','string',NULL,'N','direct',NULL,NULL,NULL,NULL,'','2021-08-23 12:18:32','admin','2021-09-26 14:20:05','admin','N'),('61232199ec847184b0021a7adcc0316e','id','6123216d15af15972b13717879bf3472','6108ed64f199caa1f6b5e67113a53a2b','','N','string',NULL,'N','data','6123216d15af15972b13717879bf3472',NULL,NULL,NULL,'','2021-08-23 12:18:33','admin','2021-09-26 14:20:05','admin','N'),('612322f0c08bf40c655d4d3fbf19996a','port','6123216d15af15972b13717879bf3472','6108f2d82112ed09c4003b0eeb9462e8','','N','int',NULL,'N','direct',NULL,NULL,NULL,NULL,'','2021-08-23 12:24:16','admin','2021-09-26 14:20:05','admin','N'),('6123233d4a473d665df531965add87a8','name','6123216d15af15972b13717879bf3472','6108f2a92699d5af97ba60e1af8420e5','','N','string',NULL,'N','direct',NULL,NULL,NULL,NULL,'','2021-08-23 12:25:33','admin','2021-09-26 14:20:05','admin','N'),('612324148f550609e1be2ad78258df61','target_group_arn','612323bef808b40bdbdd04d112f00006',NULL,'','N','string',NULL,'N','attribute','6123216d15af15972b13717879bf3472','6123219a3b20d7c0d6ad93a027356a7b',NULL,NULL,'','2021-08-23 12:29:08','admin','2021-09-26 14:20:05','admin','N'),('61232437d3e26f646b72422b0a531768','target_id','612323bef808b40bdbdd04d112f00006','6108f2cd789c705cbbe5429dcdcb136e','','N','string',NULL,'N','data','611cc601a022e0a934cc0ec59d2e4f8e',NULL,NULL,NULL,'','2021-08-23 12:29:43','admin','2021-09-26 14:20:05','admin','N'),('612324ad246f8854c2f2a5510f6040d8','arn','612324740e05709923873a16246be668','6108ed389be85e4354bd1f20ed5a7d23','','N','string',NULL,'N','direct',NULL,NULL,NULL,NULL,'','2021-08-23 12:31:41','admin','2021-09-26 14:20:05','admin','N'),('612324ae9b6c15be3c57661359bed416','arn','612324740e05709923873a16246be668','6108ed38bfd422281475cb4c3bf06aa0','','N','string',NULL,'N','data','6123216d15af15972b13717879bf3472',NULL,NULL,NULL,'','2021-08-23 12:31:42','admin','2021-09-26 14:20:05','admin','N'),('612325ee7a34e1fd4ce4ddaf0c9662d2','id','6123252ed2b7c399f87f26c01c037c0c','60fe16f9ca7e685940ff4e07bf5bd433','','N','string',NULL,'N','direct',NULL,NULL,NULL,NULL,'','2021-08-23 12:37:02','admin','2021-09-26 14:20:05','admin','N'),('612325efc7b1976379f0d6759ca4bb99','id','6123252ed2b7c399f87f26c01c037c0c','60fe16f968e0aa10e0f7613035fe06be','','N','string',NULL,'N','data','6123252ed2b7c399f87f26c01c037c0c',NULL,NULL,NULL,'','2021-08-23 12:37:03','admin','2021-09-26 14:20:05','admin','N'),('6123262e2ab17d29c08e3a750aaed9ca','listener_arn','6123252ed2b7c399f87f26c01c037c0c','60fe1c73ace6289ec1e4bd696af04260','','N','string',NULL,'N','data','61231843bf12c8aa08b30ca163b534cf',NULL,NULL,NULL,'','0000-00-00 00:00:00','','2021-09-26 14:20:05','admin','N'),('612328cf9ba685a5c8d99bb9130bc4a2','action','6123252ed2b7c399f87f26c01c037c0c','612328694204be9f609c36eb46cf7e0f','','N','object',NULL,'N','direct',NULL,NULL,NULL,NULL,'','0000-00-00 00:00:00','','2021-09-26 14:20:05','admin','N'),('612328df410b78a3888b493319b1cddc','target_group_arn','6123252ed2b7c399f87f26c01c037c0c','60fe1aab13352cb67d208739ecc2fb4a','','N','string','612328cf9ba685a5c8d99bb9130bc4a2','N','data','6123216d15af15972b13717879bf3472',NULL,NULL,NULL,'','2021-08-23 12:49:35','admin','2021-09-26 14:20:05','admin','N'),('612328e059fa6313e724c721279636dd','type','6123252ed2b7c399f87f26c01c037c0c','612328867faae5ced27fe6853b54a337','','N','string','612328cf9ba685a5c8d99bb9130bc4a2','N','direct',NULL,NULL,NULL,NULL,'','2021-08-23 12:49:36','admin','2021-09-26 14:20:05','admin','N'),('612328f246ccaaf9c01744ab6bf95dc7','condition','6123252ed2b7c399f87f26c01c037c0c','612328962ac6a930f4ab37dd149e6eab','','N','object',NULL,'N','direct',NULL,NULL,NULL,NULL,'','2021-08-23 12:49:54','admin','2021-09-26 14:20:05','admin','N'),('61233d15359a5db8d2823441cd700c29','id','61233cd2a5aa703a7ef848fc3f51c964','60f7c0a2ab217c84138c872c0990cad5','','N','string',NULL,'N','data','61233cd2a5aa703a7ef848fc3f51c964',NULL,NULL,NULL,'','2021-08-23 14:15:49','admin','2021-09-26 14:20:05','admin','N'),('61233d15a9abafc5b18f250982f64652','id','61233cd2a5aa703a7ef848fc3f51c964','60f7c0a2ef2a97f564f1bdb83c897bb6','','N','string',NULL,'N','direct',NULL,NULL,NULL,NULL,'','2021-08-23 14:15:49','admin','2021-09-26 14:20:05','admin','N'),('61233d4f57ba27b024f31053effb2b37','acl','61233cd2a5aa703a7ef848fc3f51c964','60fa2491eb31d558f78d413767495847','','N','string',NULL,'N','template',NULL,NULL,NULL,NULL,'','2021-08-23 14:16:47','admin','2021-09-26 14:20:05','admin','N'),('61233d807125598e2bc6f6c3808c9d7f','bucket','61233cd2a5aa703a7ef848fc3f51c964','60fa224fa2d8b9b40ba8e6888c043ea8','','N','string',NULL,'N','direct',NULL,NULL,NULL,NULL,'','2021-08-23 14:17:36','admin','2021-09-26 14:20:05','admin','N'),('61233dde37c2697f3c70180cc49be4eb','tags','61233cd2a5aa703a7ef848fc3f51c964','60fa226a8158c19eea66d8fce8733f6f','','N','object',NULL,'N','direct',NULL,NULL,NULL,NULL,'','2021-08-23 14:19:10','admin','2021-09-26 14:20:05','admin','N'),('61233e8f1e9d9a8bfd25604034954b1e','bucket','61233e6a18e67ce75a5c3c9a2c7400aa','60f7c0ab82cd4803a0f79ba9ec126202','','N','string',NULL,'N','direct',NULL,NULL,NULL,NULL,'','2021-08-23 14:22:07','admin','2021-09-26 14:20:05','admin','N'),('61233e903e78abb60983465f0fef0c25','bucket','61233e6a18e67ce75a5c3c9a2c7400aa','60f7c0ab3d0af6d8e77c7de3157d4713','','N','string',NULL,'N','data','61233cd2a5aa703a7ef848fc3f51c964',NULL,NULL,NULL,'','2021-08-23 14:22:08','admin','2021-09-26 14:20:05','admin','N'),('612340a8f8030a2fe3a6cfe4363439d3','arn','6123405a484bd9d944c150f92d97e328','60f7c634aa7947f65e518cc8b5a64419','','N','string',NULL,'N','direct',NULL,NULL,NULL,NULL,'','2021-08-23 14:31:04','admin','2021-09-26 14:20:05','admin','N'),('612340a9cba83ef552d32c6efe6801e8','arn','6123405a484bd9d944c150f92d97e328','60f7c63465246b5ad87435e3be275c91','','N','string',NULL,'N','data','6123405a484bd9d944c150f92d97e328',NULL,NULL,NULL,'','2021-08-23 14:31:05','admin','2021-09-26 14:20:05','admin','N'),('612340c94952500a2cb50f6916f917a4','name','6123405a484bd9d944c150f92d97e328','60fa263cb25591fb31314199208cfc5f','','N','string',NULL,'N','direct',NULL,NULL,NULL,NULL,'','2021-08-23 14:31:37','admin','2021-09-26 14:20:05','admin','N'),('612341227c044f74979642a5a65f17b9','arn','612340fe4167a1fe13ca6b5f0ae20aa1','60f7c6416c14b8148c90db239a4c27f5','','N','string',NULL,'N','direct',NULL,NULL,NULL,NULL,'','2021-08-23 14:33:06','admin','2021-09-26 14:20:05','admin','N'),('61234122c3d09295f4d14bd52350ae60','arn','612340fe4167a1fe13ca6b5f0ae20aa1','60f7c6416ea52be1bc20f25175a70232','','N','string',NULL,'N','data','6123405a484bd9d944c150f92d97e328',NULL,NULL,NULL,'','2021-08-23 14:33:06','admin','2021-09-26 14:20:05','admin','N'),('612341a715a7530db7b31ff79d1586a7','user_name','612340fe4167a1fe13ca6b5f0ae20aa1','612341a11c074d6cf7313167c7c79dac','','N','string',NULL,'N','direct',NULL,NULL,NULL,NULL,'','2021-08-23 14:35:19','admin','2021-09-26 14:20:05','admin','N'),('61235bf7d6c3032ebf57173aebbfa3cf','id','61235bcd587d4360be7765fdcd89b5fb','61235b3eb9540e5a9ef01d4f909f50d1','','N','string',NULL,'N','direct',NULL,NULL,NULL,NULL,'','2021-08-23 16:27:35','admin','2021-09-26 14:20:05','admin','N'),('61235bf8419717a0ea32ea3004230d19','id','61235bcd587d4360be7765fdcd89b5fb','61235b3e45af8c6704e67ddc32b84772','','N','string',NULL,'N','data','61235bcd587d4360be7765fdcd89b5fb',NULL,NULL,NULL,'','2021-08-23 16:27:36','admin','2021-09-26 14:20:05','admin','N'),('61235c1f27d7cfd13b9368087db7cbd0','subnet_ids','61235bcd587d4360be7765fdcd89b5fb','61235b71d3de789982e46db49856801c','','N','string',NULL,'Y','data','611ca47cb6b0010f74a2f7f1e2d237d2',NULL,NULL,NULL,'','2021-08-23 16:28:15','admin','2021-09-26 14:20:05','admin','N'),('61235c3b46f76b7e7a6d26e58a8393ce','name','61235bcd587d4360be7765fdcd89b5fb','61235b6a4ae8c2711689cbd69e239792','','N','string',NULL,'N','direct',NULL,NULL,NULL,NULL,'','2021-08-23 16:28:43','admin','2021-09-26 14:20:05','admin','N'),('61235c4779c3574fedffa3a129fd8d3f','tags','61235bcd587d4360be7765fdcd89b5fb','61235b8abe49cac85c7eac451e31a237','','N','object',NULL,'N','direct',NULL,NULL,NULL,NULL,'','2021-08-23 16:28:55','admin','2021-09-26 14:20:05','admin','N'),('61235c9f11b9896bb5cf03d4b8597ecd','name','61235c70907f0b40eff05360aab7ca61','61235b43f860a06777b7b00fb3efc7b5','','N','string',NULL,'N','direct',NULL,NULL,NULL,NULL,'','2021-08-23 16:30:23','admin','2021-09-26 14:20:05','admin','N'),('61235c9f3cc8db3d73180a046ea2022e','name','61235c70907f0b40eff05360aab7ca61','61235b4306c494122457e657e59b2a0e','','N','string',NULL,'N','data','61235bcd587d4360be7765fdcd89b5fb',NULL,NULL,NULL,'','2021-08-23 16:30:23','admin','2021-09-26 14:20:05','admin','N'),('6123601c34883281d8085521f2755fe0','availability_zone','611ca47cb6b0010f74a2f7f1e2d237d2','60f817d3e813d8b2cece96786f235452','','N','string',NULL,'N','data','611cc4674a03bc6eacc5bf945a022dee',NULL,NULL,NULL,'','2021-08-23 16:45:16','admin','2021-09-26 14:20:05','admin','N'),('6123647195ddd64adb9bf9794aecea35','db_subnet_group_name','6123111c1cf1397ec5e8ca97308fc6a2','6123644f0e8b8a7de2a367e403866434','','N','string',NULL,'N','data','61235bcd587d4360be7765fdcd89b5fb',NULL,NULL,NULL,'','2021-08-23 17:03:45','admin','2021-09-26 14:20:05','admin','N'),('61244f43920dd76643f030b640e31889','vpc_id','6123216d15af15972b13717879bf3472','61244f00ea507a43efd3bf6486165898','','N','string',NULL,'N','data','611c67197d6a9b788789e9e55fb6208d',NULL,NULL,NULL,'','2021-08-24 09:45:39','admin','2021-09-26 14:20:05','admin','N'),('61244f5ad21ba3739172d40a661e4b01','protocol','6123216d15af15972b13717879bf3472','61244f120428b5d67cb759d7d56c1d7b','','N','string',NULL,'N','direct',NULL,NULL,NULL,NULL,'','2021-08-24 09:46:02','admin','2021-09-26 14:20:05','admin','N'),('61245510a19bdc29c7cf8e24c1b96ed7','ROOT','612323bef808b40bdbdd04d112f00006',NULL,'','N','string',NULL,'N','attribute','6123216d15af15972b13717879bf3472','6123219a3b20d7c0d6ad93a027356a7b',NULL,NULL,'','2021-08-24 10:10:24','admin','2021-09-26 14:20:05','admin','N'),('61245f9beed700123ae8612eb558d067','port','612320e51f9b9f2fe02c735fd6e5d2d0','61245f90587d1f8c09506a58f567be55','','N','int',NULL,'N','direct',NULL,NULL,NULL,NULL,'','2021-08-24 10:55:23','admin','2021-09-26 14:20:05','admin','N'),('6124702449ca44aa27b0a32e2d5009db','name','611f8f07e72114570911e86f86982a3b','6124701297c6e1763cc8023354fb1def','','N','string','6124702fc6ba7ce9e8439525052a62ff','N','direct',NULL,NULL,NULL,NULL,'','0000-00-00 00:00:00','','2021-09-26 14:20:05','admin','N'),('6124702fc6ba7ce9e8439525052a62ff','filter','611f8f07e72114570911e86f86982a3b','61247019bdce3b40cb07e9183298835d','','N','object',NULL,'N','direct',NULL,NULL,NULL,NULL,'','2021-08-24 12:06:07','admin','2021-09-26 14:20:05','admin','N'),('6124aa2699f71370608b5fd4048c46ef','ROOT','611f8f07e72114570911e86f86982a3b',NULL,'','N','string',NULL,'N','attribute','611f8ec3d13ef2b03dd214c112c4b871','611f8ef2bae4010b7bcf33f0373e39db',NULL,NULL,'','2021-08-24 16:13:26','admin','2021-09-26 14:20:05','admin','N');

INSERT INTO `tfstate_attribute` VALUES ('611c68955a166e8b5f749b9a398087ff','id','611c67197d6a9b788789e9e55fb6208d','60f7866ba671a9dc6fc5dcb230bbd534','','N','string',NULL,'N','direct',NULL,NULL,NULL,NULL,'','2021-08-18 09:55:33','admin','2021-09-26 14:20:05','admin'),('611c68a49c96fa5b7d07ed607b1731fb','id','611c67197d6a9b788789e9e55fb6208d','60f7866b8a4ed27223ca64d5a0ac5c87','','N','string',NULL,'N','data','611c67197d6a9b788789e9e55fb6208d',NULL,NULL,NULL,'','2021-08-18 09:55:48','admin','2021-09-26 14:20:05','admin'),('611c6c3d9109c6e37c646fb23cabfce6','name','611c6bcb40363eacff0f475d57c99cf4','60f7857669a8d2b4c621ab5a98e387ee','','N','string',NULL,'N','direct',NULL,NULL,NULL,NULL,'','2021-08-18 10:11:09','admin','2021-09-26 14:20:05','admin'),('611c6c3e9029cc48f833da474d3fb5c3','name','611c6bcb40363eacff0f475d57c99cf4','60f78576b9d7831317ff5c82b584f876','','N','string',NULL,'N','data','611c6bcb40363eacff0f475d57c99cf4',NULL,NULL,NULL,'','2021-08-18 10:11:10','admin','2021-09-26 14:20:05','admin'),('611c822d26394ae6bf98954f1582f57e','id','611b88a4360e625b38a94043d758db90','60f7867bf82bae8217a037506266360f','','N','string',NULL,'N','direct',NULL,NULL,NULL,NULL,'','2021-08-18 11:44:45','admin','2021-09-26 14:20:05','admin'),('611ca3f028a8f06ba5e14f9eba1db58f','id','611c83f4e2141751dd4a0a32190ed689','60f786f3fb43c8c7653ed1272d9a560a','','N','string',NULL,'N','direct',NULL,NULL,NULL,NULL,'','2021-08-18 14:08:48','admin','2021-09-26 14:20:05','admin'),('611ca3f2e0fca490a68c754ce87c41f8','id','611c83f4e2141751dd4a0a32190ed689','60f786f39e0f6050fb4cd21f6ca2da4b','','N','string',NULL,'N','data','611c83f4e2141751dd4a0a32190ed689',NULL,NULL,NULL,'','2021-08-18 14:08:50','admin','2021-09-26 14:20:05','admin'),('611ca6786bde2cdcba70847c0037f3d8','id','611ca47cb6b0010f74a2f7f1e2d237d2','60f7889e2c0ee3c781e42b4f4883ebb0','','N','string',NULL,'N','direct',NULL,NULL,NULL,NULL,'','2021-08-18 14:19:36','admin','2021-09-26 14:20:05','admin'),('611ca679f8b1fe54d77e3c556fa026f5','id','611ca47cb6b0010f74a2f7f1e2d237d2','60f7889ee94bea891640d4434b08ce2b','','N','string',NULL,'N','data','611ca47cb6b0010f74a2f7f1e2d237d2',NULL,NULL,NULL,'','2021-08-18 14:19:37','admin','2021-09-26 14:20:05','admin'),('611caa9828ce35812712a3cfc37ea00d','id','611ca9fb4735fe80e9b541bd32afe683','60f787d911d0dcf3b409532673482ead','','N','string',NULL,'N','data','611ca9fb4735fe80e9b541bd32afe683',NULL,NULL,NULL,'','2021-08-18 14:37:12','admin','2021-09-26 14:20:05','admin'),('611caa98b6eeccad078fc3e3449dcc95','id','611ca9fb4735fe80e9b541bd32afe683','60f787d986202c43579e60bf0b6a6b98','','N','string',NULL,'N','direct',NULL,NULL,NULL,NULL,'','2021-08-18 14:37:12','admin','2021-09-26 14:20:05','admin'),('611cc4abdb726d245a3bcc02ef47fdcf','name','611cc4674a03bc6eacc5bf945a022dee','60f78622542d07451106d52640f96902','','N','string',NULL,'N','direct',NULL,NULL,NULL,NULL,'','2021-08-18 16:28:27','admin','2021-09-26 14:20:05','admin'),('611cc4ac978a187c1a2606f681ec7bb2','name','611cc4674a03bc6eacc5bf945a022dee','60f78622587e006d58f9b79d4ca8c0b2','','N','string',NULL,'N','data','611cc4674a03bc6eacc5bf945a022dee',NULL,NULL,NULL,'','2021-08-18 16:28:28','admin','2021-09-26 14:20:05','admin'),('611db92f6ae4c5178a0e68ab508bc14f','id','611cc601a022e0a934cc0ec59d2e4f8e','60f7980e272058e44040ab4e943099d1','','N','string',NULL,'N','data','611cc601a022e0a934cc0ec59d2e4f8e',NULL,NULL,NULL,'','2021-08-19 09:51:43','admin','2021-09-26 14:20:05','admin'),('611db92fbcea0b644e2c361984993dc4','id','611cc601a022e0a934cc0ec59d2e4f8e','60f7980e9ffae1884b87b01d8e540bf7','','N','string',NULL,'N','direct',NULL,NULL,NULL,NULL,'','2021-08-19 09:51:43','admin','2021-09-26 14:20:05','admin'),('611dc357d653210b4f56cb627e032f26','id','611dc2d9c0c2f430c43c1f980bfe8f63','60f788dd5a7b40591ec5cd335eb15bfc','','N','string',NULL,'N','direct',NULL,NULL,NULL,NULL,'','2021-08-19 10:35:03','admin','2021-09-26 14:20:05','admin'),('611dc358b5ef6ce4cd6bc04fe84595ba','id','611dc2d9c0c2f430c43c1f980bfe8f63','60f788ddd580725944cb79b3af3f6a32','','N','string',NULL,'N','data','611dc2d9c0c2f430c43c1f980bfe8f63',NULL,NULL,NULL,'','2021-08-19 10:35:04','admin','2021-09-26 14:20:05','admin'),('611dc65dfa48a97c2dd2627b42bca5dd','id','611dc606a87091744f3612c22509370a','60f79293c4af0b1a8cdcfb6e6b7318fc','','N','string',NULL,'N','direct',NULL,NULL,NULL,NULL,'','0000-00-00 00:00:00','','2021-09-26 14:20:05','admin'),('611dc65e775709a5d2f921f59f9f1163','id','611dc606a87091744f3612c22509370a','60f7929348497f9f9427399b357a177b','','N','string',NULL,'N','data','611dc606a87091744f3612c22509370a',NULL,NULL,NULL,'','0000-00-00 00:00:00','','2021-09-26 14:20:05','admin'),('611dd3bcea101ed0ec6ade04fd3e9b3e','id','611dd364a4bba5565a5a47acf80836b6','611dd2ac783482b38f8a184356e77942','','N','string',NULL,'N','data','611dd364a4bba5565a5a47acf80836b6',NULL,NULL,NULL,'','2021-08-19 11:45:00','admin','2021-09-26 14:20:05','admin'),('611dd3bcf41676472709d3a1e20b89f2','id','611dd364a4bba5565a5a47acf80836b6','611dd2aca3107a134810fedd6b55d503','','N','string',NULL,'N','direct',NULL,NULL,NULL,NULL,'','2021-08-19 11:45:00','admin','2021-09-26 14:20:05','admin'),('611dfcb45979deb630997184562ae628','id','611df5165f804978ce27404ad106f8c8','60f78784c229e936583dc45a993fe445','','N','string',NULL,'N','direct',NULL,NULL,NULL,NULL,'','2021-08-19 14:39:48','admin','2021-09-26 14:20:05','admin'),('611dfcb597860f9ee63855e2c6f29adc','id','611df5165f804978ce27404ad106f8c8','60f7878449275acfa0a5e709c55ca8ee','','N','string',NULL,'N','data','611df5165f804978ce27404ad106f8c8',NULL,NULL,NULL,'','2021-08-19 14:39:49','admin','2021-09-26 14:20:05','admin'),('611e06b5335b892fe85cffaa1b533688','id','611e065bf26f74a09cdda4c83574a6c6','60f7883a1f77fe173cfa831feab35d9e','','N','string',NULL,'N','direct',NULL,NULL,NULL,NULL,'','0000-00-00 00:00:00','','2021-09-26 14:20:05','admin'),('611e06b65829147fde2a3c4bd93297b5','id','611e065bf26f74a09cdda4c83574a6c6','60f7883a7c9ef9d9f84820a3d1ca541b','','N','string',NULL,'N','data','611e065bf26f74a09cdda4c83574a6c6',NULL,NULL,NULL,'','0000-00-00 00:00:00','','2021-09-26 14:20:05','admin'),('611e18b623a8d7b880e99e0f5d5cc21f','id','611e17d37c81d43a54423111b82c460d','60f792254ab414cde9d7d0afb9a01fb9','','N','string',NULL,'N','direct',NULL,NULL,NULL,NULL,'','2021-08-19 16:39:18','admin','2021-09-26 14:20:05','admin'),('611e18b6fc19df8546f7dcab158822fc','id','611e17d37c81d43a54423111b82c460d','60f792255ac6b4fe69ca783d0383748d','','N','string',NULL,'N','data','611e17d37c81d43a54423111b82c460d',NULL,NULL,NULL,'','2021-08-19 16:39:18','admin','2021-09-26 14:20:05','admin'),('611e23ad7d4d2566fa3b58a6374ec7f3','id','611e238d6095eed4e7f3fb45db52fbca','60f8ed62e0c795245f7a659198667681','','N','string',NULL,'N','direct',NULL,NULL,NULL,NULL,'','0000-00-00 00:00:00','','2021-09-26 14:20:05','admin'),('611e23aee2ac7a7fc05029473f7eeaa5','id','611e238d6095eed4e7f3fb45db52fbca','60f8ed62edd0f8bffa2d5c25748a26f9','','N','string',NULL,'N','data','611e238d6095eed4e7f3fb45db52fbca',NULL,NULL,NULL,'','0000-00-00 00:00:00','','2021-09-26 14:20:05','admin'),('611e262818fcc2c81a4d5130fd7168b2','id','611e254b504207d2ec3a93e53a6d9647',NULL,'','N','string',NULL,'N','direct',NULL,NULL,NULL,NULL,'','0000-00-00 00:00:00','','2021-09-26 14:20:05','admin'),('611e478807ea40edd5cbb063f8d21c4f','id','611e470e9f45339e50760b867fef1bd9','60f788e601cd64e034a1831c09f1a1db','','N','string',NULL,'N','direct',NULL,NULL,NULL,NULL,'','2021-08-19 19:59:04','admin','2021-09-26 14:20:05','admin'),('611f0f2bdfc986c8ca36a9a06e09ebf3','ids','611c830536645c331935c4733e2573c2','611f163d3c9394b4b9e709e8bc13e518','','N','string',NULL,'Y','direct',NULL,NULL,NULL,NULL,'','2021-08-20 10:10:51','admin','2021-09-26 14:20:05','admin'),('611f238877c7912fb9d0f08c3d623aaf','cidr_block','611b88a4360e625b38a94043d758db90','60f7c767a7e2d670f1c23cf7121e72fe','','N','string',NULL,'N','direct',NULL,NULL,NULL,NULL,'','2021-08-20 11:37:44','admin','2021-09-26 14:20:05','admin'),('611f4bd29ffd76276b23c36cd65c42f9','id','611b88a4360e625b38a94043d758db90','60f7867b96441143f1d378d9f22b5569','','N','string',NULL,'N','data','611c67197d6a9b788789e9e55fb6208d',NULL,NULL,NULL,'','2021-08-20 14:29:38','admin','2021-09-26 14:20:05','admin'),('611f4c62ad970efee52182d37e4c97a5','tags','611b88a4360e625b38a94043d758db90','60f7c7751a292ba32383b9f75dde746a','','N','object',NULL,'N','direct',NULL,NULL,NULL,NULL,'','2021-08-20 14:32:02','admin','2021-09-26 14:20:05','admin'),('611f4c700a04c8cb0318859cddd35e2a','Name','611b88a4360e625b38a94043d758db90','60f7c76d6a820148f9bf74bebe616e88','','N','string','611f4c62ad970efee52182d37e4c97a5','N','direct',NULL,NULL,NULL,NULL,'','2021-08-20 14:32:16','admin','2021-09-26 14:20:05','admin'),('611f4eeaa342ee90a2307e7f348d316f','ids','611f4e74e36bc79d90c0665e3ca344a5','611f4ec37bda1d0739a3b42ad60cc2bd','','N','string',NULL,'Y','direct',NULL,NULL,NULL,NULL,'','2021-08-20 14:42:50','admin','2021-09-26 14:20:05','admin'),('611f4f53d5900013951a2eb6e2eb9ae3','route_table_id','611f4ef7ba77db690d608afcdd0926d6','60f7871126852f0f2f3660cea0839b7c','','N','string',NULL,'N','direct',NULL,NULL,NULL,NULL,'','0000-00-00 00:00:00','','2021-09-26 14:20:05','admin'),('611f4f80d0c3ad0354e06a252e132eae','route_table_id','611f4ef7ba77db690d608afcdd0926d6','60f78711a661dca9dea4cfd1035488df','','N','string',NULL,'N','data','611c83f4e2141751dd4a0a32190ed689',NULL,NULL,NULL,'','2021-08-20 14:45:20','admin','2021-09-26 14:20:05','admin'),('611f52ad5ccf5cdf0fc28886ed806bec','tags','611f4ef7ba77db690d608afcdd0926d6','60f7dbdd5cc452863aca1515e7f9d870','','N','object',NULL,'N','direct',NULL,NULL,NULL,NULL,'','2021-08-20 14:58:53','admin','2021-09-26 14:20:05','admin'),('611f52b1b7ac971fe5017298474721cc','Name','611f4ef7ba77db690d608afcdd0926d6','60f7dbe6e29d3692d5a240cbba1b6871','','N','string','611f52ad5ccf5cdf0fc28886ed806bec','N','direct',NULL,NULL,NULL,NULL,'','2021-08-20 14:58:57','admin','2021-09-26 14:20:05','admin'),('611f53565f78c9401e21a7ddd1208367','vpc_id','611f4ef7ba77db690d608afcdd0926d6','60f7dbf55c54c04b7ffda21b5daa4287','','N','string',NULL,'N','data','611c67197d6a9b788789e9e55fb6208d',NULL,NULL,NULL,'','2021-08-20 15:01:42','admin','2021-09-26 14:20:05','admin'),('611f58e9450629270157bef2b7d407d4','ids','611f58763707bebbdf93fc8dac78bb4f','611f58ccaea0d3698baf12fcc23e00e7','','N','string',NULL,'Y','direct',NULL,NULL,NULL,NULL,'','2021-08-20 15:25:29','admin','2021-09-26 14:20:05','admin'),('611f599d59eae30cebe38e48221c5129','id','611f5930d6ce503cc1cb7bc03c2c023d','60f788a9ddef9ff3b7063fe4c6dd8894','','N','string',NULL,'N','direct',NULL,NULL,NULL,NULL,'','2021-08-20 15:28:29','admin','2021-09-26 14:20:05','admin'),('611f599e155ea53d1889853896adfced','id','611f5930d6ce503cc1cb7bc03c2c023d','60f788a9228e3882cab452d29c66fcb7','','N','string',NULL,'N','data','611ca47cb6b0010f74a2f7f1e2d237d2',NULL,NULL,NULL,'','2021-08-20 15:28:30','admin','2021-09-26 14:20:05','admin'),('611f5c0bc03496e44f86e5e96f023706','availability_zone','611f5930d6ce503cc1cb7bc03c2c023d','60f818fd83810109c972b1614117fe7c','','N','string',NULL,'N','data','611cc4674a03bc6eacc5bf945a022dee',NULL,NULL,NULL,'','2021-08-20 15:38:51','admin','2021-09-26 14:20:05','admin'),('611f5c67abd9583b281fb27c6a4b34a2','vpc_id','611f5930d6ce503cc1cb7bc03c2c023d','60f8190b7a6efd6a2e16495f92252e50','','N','string',NULL,'N','data','611c67197d6a9b788789e9e55fb6208d',NULL,NULL,NULL,'','2021-08-20 15:40:23','admin','2021-09-26 14:20:05','admin'),('611f5cbccce77f0a74f16eda343252d9','Name','611f5930d6ce503cc1cb7bc03c2c023d','60f819030678426d3f13b98a03d246ca','','N','string','611f5cbd22f607cbbbe56d327a9e4666','N','direct',NULL,NULL,NULL,NULL,'','2021-08-20 15:41:48','admin','2021-09-26 14:20:05','admin'),('611f5cbd22f607cbbbe56d327a9e4666','tags','611f5930d6ce503cc1cb7bc03c2c023d','60f818f489f72d5151e461b1a6236f88','','N','object',NULL,'N','direct',NULL,NULL,NULL,NULL,'','2021-08-20 15:41:49','admin','2021-09-26 14:20:05','admin'),('611f5ce8421edc416490916e589dec2e','cidr_block','611f5930d6ce503cc1cb7bc03c2c023d','60f818eef0582a4a858704b4c11d444d','','N','string',NULL,'N','direct',NULL,NULL,NULL,NULL,'','2021-08-20 15:42:32','admin','2021-09-26 14:20:05','admin'),('611f5de390046e230989d00043c227fb','ids','611f5dae1cca23ea961d036e0c7add8b','611f5dd94c3d36a8120375b221535a3b','','N','string',NULL,'N','direct',NULL,NULL,NULL,NULL,'','2021-08-20 15:46:43','admin','2021-09-26 14:20:05','admin'),('611f5e61001b25f05540a12b9abd7c4e','id','611f5e0e159aa193a1ac9c68abdbdab5','60f787f3ea99765a64ecd92aaeff45eb','','N','string',NULL,'N','data','611ca9fb4735fe80e9b541bd32afe683',NULL,NULL,NULL,'','2021-08-20 15:48:49','admin','2021-09-26 14:20:05','admin'),('611f5e6431bc8c3c563a642fdf47cce0','id','611f5e0e159aa193a1ac9c68abdbdab5','60f787f3b176b1a361a3bed3b20a4cd8','','N','string',NULL,'N','direct',NULL,NULL,NULL,NULL,'','2021-08-20 15:48:52','admin','2021-09-26 14:20:05','admin'),('611f66e09a93b1a3fad9d594eee15a9d','vpc_id','611f5e0e159aa193a1ac9c68abdbdab5','60f811639cc1011bc99bb0ed726bb3f0','','N','string',NULL,'N','data','611c67197d6a9b788789e9e55fb6208d',NULL,NULL,NULL,'','0000-00-00 00:00:00','','2021-09-26 14:20:05','admin'),('611f671cc6f77f9b06874c73121a45d4','tags','611f5e0e159aa193a1ac9c68abdbdab5','60f811498238c0ddc3a6ebc109b10543','','N','object',NULL,'N','direct',NULL,NULL,NULL,NULL,'','0000-00-00 00:00:00','','2021-09-26 14:20:05','admin'),('611f672435d483d1a99a85131973c767','Name','611f5e0e159aa193a1ac9c68abdbdab5','60f811595a3093891bf7ba066fca8d4d','','N','string','611f671cc6f77f9b06874c73121a45d4','N','direct',NULL,NULL,NULL,NULL,'','0000-00-00 00:00:00','','2021-09-26 14:20:05','admin'),('611f6865752043cdcd9b6029d510f5f1','ids','611f6832f722dbc3019ef0c50fc2944d','611f685928f637efd56a1f5d7376cdf9','','N','string',NULL,'Y','direct',NULL,NULL,NULL,NULL,'','2021-08-20 16:31:33','admin','2021-09-26 14:20:05','admin'),('611f68e6b7462a179786f7233202ef9b','id','611f68be199e1b29be838f3b997793e6','60f7981949e46c1a2a0e64a29fcaf6ca','','N','string',NULL,'N','direct',NULL,NULL,NULL,NULL,'','2021-08-20 16:33:42','admin','2021-09-26 14:20:05','admin'),('611f68e71001944801978f7d7d53d9fc','id','611f68be199e1b29be838f3b997793e6','60f7981904712fe958a4b0c9069637a1','','N','string',NULL,'N','data','611cc601a022e0a934cc0ec59d2e4f8e',NULL,NULL,NULL,'','2021-08-20 16:33:43','admin','2021-09-26 14:20:05','admin'),('611f6c0b2b0c2f2a4de6f5d0694cc8a0','availability_zone','611f68be199e1b29be838f3b997793e6','60f82e44b9ff3a935c3bfc8414604d5f','','N','string',NULL,'N','data','611cc4674a03bc6eacc5bf945a022dee',NULL,NULL,NULL,'','0000-00-00 00:00:00','','2021-09-26 14:20:05','admin'),('611f6c21e046b8bc754be713936b1c27','ami','611f68be199e1b29be838f3b997793e6','60f82e0b71286bcbadd78a095e31210f','','N','string',NULL,'N','template',NULL,NULL,NULL,NULL,'','0000-00-00 00:00:00','','2021-09-26 14:20:05','admin'),('611f6c6470881fbac15474ef9f1ff62c','instance_type','611f68be199e1b29be838f3b997793e6','60f82dfd9a1f993efd1cd3ae4d605ea7','','N','string',NULL,'N','template',NULL,NULL,NULL,NULL,'','0000-00-00 00:00:00','','2021-09-26 14:20:05','admin'),('611f6cb2c983b1b107254aade8eea912','tags','611f68be199e1b29be838f3b997793e6','60f82e9a86438dd6370722a2cee2d809','','N','object',NULL,'N','direct',NULL,NULL,NULL,NULL,'','0000-00-00 00:00:00','','2021-09-26 14:20:05','admin'),('611f6cc9d11a8f76239641a2f2bb8e55','Name','611f68be199e1b29be838f3b997793e6','60f82df34e8aafde47bc70be10b2c18d','','N','string','611f6cb2c983b1b107254aade8eea912','N','direct',NULL,NULL,NULL,NULL,'','0000-00-00 00:00:00','','2021-09-26 14:20:05','admin'),('611f6d983060533fd619e6cc7d90ff3a','vpc_security_group_ids','611f68be199e1b29be838f3b997793e6','60f82e5960442d8e0660d72531de6538','','N','string',NULL,'Y','data','611ca9fb4735fe80e9b541bd32afe683',NULL,NULL,NULL,'','2021-08-20 16:53:44','admin','2021-09-26 14:20:05','admin'),('611f6e1cbcff14e5dbb80afabb88d966','private_ip','611f68be199e1b29be838f3b997793e6','60f82e24ae6a1fa00169129026fe8d8f','','N','string',NULL,'N','direct',NULL,NULL,NULL,NULL,'','2021-08-20 16:55:56','admin','2021-09-26 14:20:05','admin'),('611f6f25c489b406bf8a17919aee22b5','subnet_id','611f68be199e1b29be838f3b997793e6','60f82e1b6b589aeb5eb8bbf7b2477091','','N','string',NULL,'N','data','611ca47cb6b0010f74a2f7f1e2d237d2',NULL,NULL,NULL,'','2021-08-20 17:00:21','admin','2021-09-26 14:20:05','admin'),('611f70393beca26e1d7717f889bb02f9','root_block_device','611f68be199e1b29be838f3b997793e6','611f73092bd49e6d2d20f04b9fa296d4','','N','object',NULL,'Y','direct',NULL,NULL,NULL,NULL,'','2021-08-20 17:04:57','admin','2021-09-26 14:20:05','admin'),('611f7070c89f89f1d77a23e1ceac922b','volume_type','611f68be199e1b29be838f3b997793e6','60f82e9068ecccb742244984b393d75a','','N','string','611f70393beca26e1d7717f889bb02f9','N','template',NULL,NULL,NULL,NULL,'','2021-08-20 17:05:52','admin','2021-09-26 14:20:05','admin'),('611f70718999d404c8fed57ff44b56e1','volume_size','611f68be199e1b29be838f3b997793e6','60f82e86fcc6bcbce569db52342f2684','','N','int','611f70393beca26e1d7717f889bb02f9','N','direct',NULL,NULL,NULL,NULL,'','2021-08-20 17:05:53','admin','2021-09-26 14:20:05','admin'),('611f76b662be071d3a3f44f8ff280784','id','611e470e9f45339e50760b867fef1bd9','60f788e698bee67a92f0397d14c85c1a','','N','string',NULL,'N','data','611dc2d9c0c2f430c43c1f980bfe8f63',NULL,NULL,NULL,'','2021-08-20 17:32:38','admin','2021-09-26 14:20:05','admin'),('611f77e1baea383a6ade4cef38e50b5a','public_ip','611e470e9f45339e50760b867fef1bd9','60f81d75d5382d332cab72b90547318b','','N','string',NULL,'N','direct',NULL,NULL,NULL,NULL,'','2021-08-20 17:37:37','admin','2021-09-26 14:20:05','admin'),('611f77fa7dd6a2fba4744bf7b1b42c07','tags','611e470e9f45339e50760b867fef1bd9','60f81d7df1141b088be25f6d14683aa9','','N','object',NULL,'N','direct',NULL,NULL,NULL,NULL,'','2021-08-20 17:38:02','admin','2021-09-26 14:20:05','admin'),('611f77fe156c2e189a93ee479138366b','Name','611e470e9f45339e50760b867fef1bd9','60f81d7058c24e8ca834ab2928e7b176','','N','string','611f77fa7dd6a2fba4744bf7b1b42c07','N','direct',NULL,NULL,NULL,NULL,'','2021-08-20 17:38:06','admin','2021-09-26 14:20:05','admin'),('611f7957aac653379c0dde2f7b92d8fd','id','611f79239147a0913e9ecb8cad4a5c35','611dd2b9af6f2280e99a23834577bd00','','N','string',NULL,'N','direct',NULL,NULL,NULL,NULL,'','2021-08-20 17:43:51','admin','2021-09-26 14:20:05','admin'),('611f795832849104e6ca3703e8ae4248','id','611f79239147a0913e9ecb8cad4a5c35','611dd2b9922e17ea35b76ca5eed82161','','N','string',NULL,'N','data','611dd364a4bba5565a5a47acf80836b6',NULL,NULL,NULL,'','2021-08-20 17:43:52','admin','2021-09-26 14:20:05','admin'),('611f7af5b633a4476b07165e2ccb2d9b','id','611f7ab7d8adca9c8b89ee0e228c0797','60f792acc87adfc4679348382db984d5','','N','string',NULL,'N','direct',NULL,NULL,NULL,NULL,'','2021-08-20 17:50:45','admin','2021-09-26 14:20:05','admin'),('611f7af6e0babf55a257fa1eb95f0b57','id','611f7ab7d8adca9c8b89ee0e228c0797','60f792ac962d2390dbf3d91acd60b241','','N','string',NULL,'N','data','611dc606a87091744f3612c22509370a',NULL,NULL,NULL,'','2021-08-20 17:50:46','admin','2021-09-26 14:20:05','admin'),('611f7bbdbb71b6760642a26c517be153','tags','611f7ab7d8adca9c8b89ee0e228c0797','60f82215f58973b0638d40dcd8dc6a60','','N','object',NULL,'N','direct',NULL,NULL,NULL,NULL,'','2021-08-20 17:54:05','admin','2021-09-26 14:20:05','admin'),('611f7bbe7f69c052371838af2ac24494','Name','611f7ab7d8adca9c8b89ee0e228c0797','60f8221ecea673a704db9d39b6030b43','','N','string','611f7bbdbb71b6760642a26c517be153','N','direct',NULL,NULL,NULL,NULL,'','0000-00-00 00:00:00','','2021-09-26 14:20:05','admin'),('611f7bd6daba685a8d456a44b508d4bc','vpc_id','611f7ab7d8adca9c8b89ee0e228c0797','60f822318d4d69abbd8f7d570cfc652c','','N','string',NULL,'N','data','611c830536645c331935c4733e2573c2',NULL,NULL,NULL,'','0000-00-00 00:00:00','','2021-09-26 14:20:05','admin'),('611f7bf0af73cd1eba8a34f837aae2e6','subnet_id','611f7ab7d8adca9c8b89ee0e228c0797','60f8220d0f69ce519f32c9ee8ed6c238','','N','string',NULL,'N','data','611ca47cb6b0010f74a2f7f1e2d237d2',NULL,NULL,NULL,'','0000-00-00 00:00:00','','2021-09-26 14:20:05','admin'),('611f7cdee5452cb2a268e75a65e26b5b','allocation_id','611f7ab7d8adca9c8b89ee0e228c0797','60f82205a478a7f11d8c08504839b893','','N','string',NULL,'N','data','611dc2d9c0c2f430c43c1f980bfe8f63',NULL,NULL,NULL,'','2021-08-20 17:58:54','admin','2021-09-26 14:20:05','admin'),('611f7ec63339bdf9038d17e02a727190','id','611f7e8fd24759e9aa54aa019bb781b2','60f78793ad74a14eb9fb1de9fceb387f','','N','string',NULL,'N','direct',NULL,NULL,NULL,NULL,'','2021-08-20 18:07:02','admin','2021-09-26 14:20:05','admin'),('611f80999212ce59198639336a4e15be','id','611f7e8fd24759e9aa54aa019bb781b2','60f78793921e0ae87877b1984a9a4fb2','','N','string',NULL,'N','data','611df5165f804978ce27404ad106f8c8',NULL,NULL,NULL,'','2021-08-20 18:14:49','admin','2021-09-26 14:20:05','admin'),('611f82520e51b7db532e199e731bab1f','ids','611f8204ae2744cb85fa7e228bca8317','611f82473167fbbdf3e384fbd466c94a','','N','string',NULL,'Y','direct',NULL,NULL,NULL,NULL,'','2021-08-20 18:22:10','admin','2021-09-26 14:20:05','admin'),('611f833b81545737b8e9afc1ba2afa82','id','611f826f387cc22295360b07f821b605','60f79242d51d3093793ee2b730d20bd6','','N','string',NULL,'N','direct',NULL,NULL,NULL,NULL,'','2021-08-20 18:26:03','admin','2021-09-26 14:20:05','admin'),('611f833c7b53dfb73b87baad1a56c357','id','611f826f387cc22295360b07f821b605','60f79242b0df611e966e5ac1a7f7a563','','N','string',NULL,'N','data','611e17d37c81d43a54423111b82c460d',NULL,NULL,NULL,'','0000-00-00 00:00:00','','2021-09-26 14:20:05','admin'),('611f8444a6eab44a0c69fdc596dd9545','peer_vpc_id','611f826f387cc22295360b07f821b605','60f81fe04d2f33e231548f9230ac095d','','N','string',NULL,'N','data','611c67197d6a9b788789e9e55fb6208d',NULL,NULL,NULL,'','0000-00-00 00:00:00','','2021-09-26 14:20:05','admin'),('611f8461ae4f9d45a3a94bfe9168a6c3','tags','611f826f387cc22295360b07f821b605','60f81fe70df15ca89ad94f1576495356','','N','object',NULL,'N','direct',NULL,NULL,NULL,NULL,'','0000-00-00 00:00:00','','2021-09-26 14:20:05','admin'),('611f8478cef44c8af8e957ad21332315','Name','611f826f387cc22295360b07f821b605','60f81fd315a098cf7255119fabce21c1','','N','string','611f8461ae4f9d45a3a94bfe9168a6c3','N','direct',NULL,NULL,NULL,NULL,'','0000-00-00 00:00:00','','2021-09-26 14:20:05','admin'),('611f84a7bb99aaafa59c41b66f9ff36c','vpc_id','611f826f387cc22295360b07f821b605','60f81fd87481a759c0ce9ccc6275c5a6','','N','string',NULL,'N','data','611c67197d6a9b788789e9e55fb6208d',NULL,NULL,NULL,'','0000-00-00 00:00:00','','2021-09-26 14:20:05','admin'),('611f8ef2bae4010b7bcf33f0373e39db','ids','611f8ec3d13ef2b03dd214c112c4b871','611f8ee51e3324cc5bbaec3bac2fbf6f','','N','string',NULL,'Y','direct',NULL,NULL,NULL,NULL,'','2021-08-20 19:16:02','admin','2021-09-26 14:20:05','admin'),('611f8f5c1723da7b66711481f697276a','id','611f8f07e72114570911e86f86982a3b','60f8ed6dd332d66a61c5e3a045169bfb','','N','string',NULL,'N','direct',NULL,NULL,NULL,NULL,'','2021-08-20 19:17:48','admin','2021-09-26 14:20:05','admin'),('611f8f5c684f8ea8974909275e88f86a','id','611f8f07e72114570911e86f86982a3b','60f8ed6da66dbc9faeac2f6c2f52be89','','N','string',NULL,'N','data','611e238d6095eed4e7f3fb45db52fbca',NULL,NULL,NULL,'','2021-08-20 19:17:48','admin','2021-09-26 14:20:05','admin'),('611f8f9f45a38f50b08c69a8a2e74719','tags','611f8f07e72114570911e86f86982a3b','60f8efc8f93023d5c0ba31c28b4086ce','','N','object',NULL,'N','direct',NULL,NULL,NULL,NULL,'','2021-08-20 19:18:55','admin','2021-09-26 14:20:05','admin'),('611f8fc9c9d187cd10b5e9d5d3bfc0fc','type','611f8f07e72114570911e86f86982a3b','60f8efea6c080bcaeaf7b7431bd7de9b','','N','string',NULL,'N','template',NULL,NULL,NULL,NULL,'','2021-08-20 19:19:37','admin','2021-09-26 14:20:05','admin'),('611f8fcb0014eb25c3381925fee5ab73','size','611f8f07e72114570911e86f86982a3b','60f8efdc120713551906aa2392408e96','','N','int',NULL,'N','direct',NULL,NULL,NULL,NULL,'','2021-08-20 19:19:39','admin','2021-09-26 14:20:05','admin'),('611f8fce2091319c6ea614461d2477f3','Name','611f8f07e72114570911e86f86982a3b','60f8efcd84bd6a3b13065147bc2423c9','','N','string',NULL,'N','direct',NULL,NULL,NULL,NULL,'','2021-08-20 19:19:42','admin','2021-09-26 14:20:05','admin'),('611f8ff37aab7367f29d1f477898875b','availability_zone','611f8f07e72114570911e86f86982a3b','60f8efc22fbd8ea804ba67d13f761497','','N','string',NULL,'N','data','611cc4674a03bc6eacc5bf945a022dee',NULL,NULL,NULL,'','2021-08-20 19:20:19','admin','2021-09-26 14:20:05','admin'),('61230f08daa6300fbfa30d6ce2531c1f','id','6122fcff8bb6fa9e9fcf44fd74a89400','610a061098ab443995bbfc8e3e0f6c3d','','N','string',NULL,'N','direct',NULL,NULL,NULL,NULL,'','0000-00-00 00:00:00','','2021-09-26 14:20:05','admin'),('61230f54c2897a05674e708104c596a0','id','6122fcff8bb6fa9e9fcf44fd74a89400','610a06104874260a5fec9a0b3ae56350','','N','string',NULL,'N','data','6122fcff8bb6fa9e9fcf44fd74a89400',NULL,NULL,NULL,'','2021-08-23 11:00:36','admin','2021-09-26 14:20:05','admin'),('6123103602de08867d6ab9030cd44168','id','61230ffb58288b44e5f0bed41f4156eb','610a0623b1fba60cf61b2e8d87c1728d','','N','string',NULL,'N','data','6122fcff8bb6fa9e9fcf44fd74a89400',NULL,NULL,NULL,'','0000-00-00 00:00:00','','2021-09-26 14:20:05','admin'),('612310366a2a4d7a2d0cb22a954cdc8a','id','61230ffb58288b44e5f0bed41f4156eb','610a06237d67fe3baede3e6e6a93b1f1','','N','string',NULL,'N','direct',NULL,NULL,NULL,NULL,'','2021-08-23 11:04:22','admin','2021-09-26 14:20:05','admin'),('612310626249bd010c7268cf1e0ca4ce','tags','61230ffb58288b44e5f0bed41f4156eb','610a11828391cfe03ffbc17ac6ffac6e','','N','object',NULL,'N','direct',NULL,NULL,NULL,NULL,'','0000-00-00 00:00:00','','2021-09-26 14:20:05','admin'),('6123107e662de88d6d27258b8145bcdb','availability_zone','61230ffb58288b44e5f0bed41f4156eb','610a122347f7aa6549580152f3e9d8e4','','N','string',NULL,'N','data','611cc4674a03bc6eacc5bf945a022dee',NULL,NULL,NULL,'','0000-00-00 00:00:00','','2021-09-26 14:20:05','admin'),('6123107f48993a4038101e4079004abb','port','61230ffb58288b44e5f0bed41f4156eb','610a121b489a4c461db6e6d7392a0d33','','N','int',NULL,'N','direct',NULL,NULL,NULL,NULL,'','0000-00-00 00:00:00','','2021-09-26 14:20:05','admin'),('6123107ff7e209d37123d0f7a53eadea','node_type','61230ffb58288b44e5f0bed41f4156eb','610a117123c0b776a4ef55773c267e0b','','N','string',NULL,'N','direct',NULL,NULL,NULL,NULL,'','0000-00-00 00:00:00','','2021-09-26 14:20:05','admin'),('6123115e834cb3e4273278c859ee5858','id','6123111c1cf1397ec5e8ca97308fc6a2','60f79948bd7abe0aaab94ad17d0ca543','','N','string',NULL,'N','direct',NULL,NULL,NULL,NULL,'','2021-08-23 11:09:18','admin','2021-09-26 14:20:05','admin'),('6123115f838d6a10e54df2f312f838e2','id','6123111c1cf1397ec5e8ca97308fc6a2','60f79948cf888edf77af45efce31c2e2','','N','string',NULL,'N','data','6123111c1cf1397ec5e8ca97308fc6a2',NULL,NULL,NULL,'','2021-08-23 11:09:19','admin','2021-09-26 14:20:05','admin'),('612313b584f4b2edef69bc0b4de07d97','id','6123135ab0a9ca49f84de9d42ca177d5','60f79954e338bfcd71aba2f9b0ee977f','','N','string',NULL,'N','direct',NULL,NULL,NULL,NULL,'','0000-00-00 00:00:00','','2021-09-26 14:20:05','admin'),('6123142c84d90b5b4cf4f73c69f5ac3c','id','6123135ab0a9ca49f84de9d42ca177d5','60f7995465d0273ec77b5b9dac4de495','','N','string',NULL,'N','data','6123111c1cf1397ec5e8ca97308fc6a2',NULL,NULL,NULL,'','2021-08-23 11:21:16','admin','2021-09-26 14:20:05','admin'),('612314598515e9e738aed72cbe1609ba','allocated_storage','6123135ab0a9ca49f84de9d42ca177d5','60fe155e0ca0d9e96e1dad32eec26a0c','','N','int',NULL,'N','direct',NULL,NULL,NULL,NULL,'','2021-08-23 11:22:01','admin','2021-09-26 14:20:05','admin'),('61231492e6867d993a7ac46fe8a627ca','db_instance_class','6123135ab0a9ca49f84de9d42ca177d5','60fe137e921651c0f065d86048f73de5','','N','string',NULL,'N','direct',NULL,NULL,NULL,NULL,'','2021-08-23 11:22:58','admin','2021-09-26 14:20:05','admin'),('612314c8f09fc66e34514cce35b89f9c','engine_version','6123135ab0a9ca49f84de9d42ca177d5','60fe159e9462ab941561fcc8a7bcbb06','','N','string',NULL,'N','direct',NULL,NULL,NULL,NULL,'','2021-08-23 11:23:52','admin','2021-09-26 14:20:05','admin'),('612314f4fd117873f936bc2f588d4785','port','6123135ab0a9ca49f84de9d42ca177d5','60fe158b51416625805e6efd53a09e00','','N','int',NULL,'N','direct',NULL,NULL,NULL,NULL,'','2021-08-23 11:24:36','admin','2021-09-26 14:20:05','admin'),('612315df1a1d9ba8a47380c69435df1d','id','612315b43c5b7099d4afc15b61363d54','60f7997f5fe5cda1433d470fb7c2b7cb','','N','string',NULL,'N','direct',NULL,NULL,NULL,NULL,'','2021-08-23 11:28:31','admin','2021-09-26 14:20:05','admin'),('612315e03de7fa701252254c502b96bf','id','612315b43c5b7099d4afc15b61363d54','60f7997fba5accddc535e9316ea90a57','','N','string',NULL,'N','data','612315b43c5b7099d4afc15b61363d54',NULL,NULL,NULL,'','2021-08-23 11:28:32','admin','2021-09-26 14:20:05','admin'),('612317dd8f6c37e1c0bcb1318cb1553e','id','612317b9d4ff2cb926ed57d0aacd7944','60f799889b8b53e945e1db0dffbbfb4b','','N','string',NULL,'N','direct',NULL,NULL,NULL,NULL,'','2021-08-23 11:37:01','admin','2021-09-26 14:20:05','admin'),('612317dea3ec69790f3b4a4e9e38f657','id','612317b9d4ff2cb926ed57d0aacd7944','60f799884f959ace80fb55b0cee9a2fc','','N','string',NULL,'N','data','612315b43c5b7099d4afc15b61363d54',NULL,NULL,NULL,'','2021-08-23 11:37:02','admin','2021-09-26 14:20:05','admin'),('61231866d5e076a27b3c8491d1f08a0e','id','61231843bf12c8aa08b30ca163b534cf','60f79ae58434e9ec4bc147f607aea77b','','N','string',NULL,'N','data','61231843bf12c8aa08b30ca163b534cf',NULL,NULL,NULL,'','2021-08-23 11:39:18','admin','2021-09-26 14:20:05','admin'),('61231866f8c41d5e9036e54cea3e09e3','id','61231843bf12c8aa08b30ca163b534cf','60f79ae5eb385cd10b4ea2110320f450','','N','string',NULL,'N','direct',NULL,NULL,NULL,NULL,'','2021-08-23 11:39:18','admin','2021-09-26 14:20:05','admin'),('6123210d789686d427161b6e0cbe4c87','id','612320e51f9b9f2fe02c735fd6e5d2d0','60f79af7fd9954a9767343f444a3a49b','','N','string',NULL,'N','data','61231843bf12c8aa08b30ca163b534cf',NULL,NULL,NULL,'','2021-08-23 12:16:13','admin','2021-09-26 14:20:05','admin'),('6123210d8baf78b5cee89173b2bf4bed','id','612320e51f9b9f2fe02c735fd6e5d2d0','60f79af74796cdf8e328be228c52f191','','N','string',NULL,'N','direct',NULL,NULL,NULL,NULL,'','2021-08-23 12:16:13','admin','2021-09-26 14:20:05','admin'),('612321995493db257170687889bd63d2','id','6123216d15af15972b13717879bf3472','6108ed64043d063743e6039bb657630b','','N','string',NULL,'N','direct',NULL,NULL,NULL,NULL,'','2021-08-23 12:18:33','admin','2021-09-26 14:20:05','admin'),('6123219a3b20d7c0d6ad93a027356a7b','id','6123216d15af15972b13717879bf3472','6108ed6477d618f6c6426c33527590b5','','N','string',NULL,'N','data','6123216d15af15972b13717879bf3472',NULL,NULL,NULL,'','2021-08-23 12:18:34','admin','2021-09-26 14:20:05','admin'),('6123245459e77eb3dd846c8dc93006e3','','612323bef808b40bdbdd04d112f00006',NULL,'','N','',NULL,'N','direct',NULL,NULL,NULL,NULL,'','2021-08-23 12:30:12','admin','2021-09-26 14:20:05','admin'),('612324ae15dfcd8856f2f51523cb6e46','id','612324740e05709923873a16246be668','6108ed388be6e85bdf3d07572e6dce6f','','N','string',NULL,'N','direct',NULL,NULL,NULL,NULL,'','2021-08-23 12:31:42','admin','2021-09-26 14:20:05','admin'),('612324af1fd5d7ab5fec3c3bbff56f95','id','612324740e05709923873a16246be668','6108ed380908b8a9c6116853aeb95667','','N','string',NULL,'N','data','6123216d15af15972b13717879bf3472',NULL,NULL,NULL,'','2021-08-23 12:31:43','admin','2021-09-26 14:20:05','admin'),('612325efb155d07cd0a0567c9ba0a264','id','6123252ed2b7c399f87f26c01c037c0c','60fe16f9909cd929691c9a190f39a515','','N','string',NULL,'N','direct',NULL,NULL,NULL,NULL,'','2021-08-23 12:37:03','admin','2021-09-26 14:20:05','admin'),('612325f08a9f4a2e712c75731b9d0a4e','id','6123252ed2b7c399f87f26c01c037c0c','60fe16f9dd8e7ce156d930a4450a13cd','','N','string',NULL,'N','data','6123252ed2b7c399f87f26c01c037c0c',NULL,NULL,NULL,'','2021-08-23 12:37:04','admin','2021-09-26 14:20:05','admin'),('61233d16058c485c92fe5d24af72b044','id','61233cd2a5aa703a7ef848fc3f51c964','60f7c0a2429006d4f2f3666597ffabbd','','N','string',NULL,'N','data','61233cd2a5aa703a7ef848fc3f51c964',NULL,NULL,NULL,'','2021-08-23 14:15:50','admin','2021-09-26 14:20:05','admin'),('61233d161ce836503a8bc0c6a2ada765','id','61233cd2a5aa703a7ef848fc3f51c964','60f7c0a213d8b32eeb398449a7a32288','','N','string',NULL,'N','direct',NULL,NULL,NULL,NULL,'','2021-08-23 14:15:50','admin','2021-09-26 14:20:05','admin'),('61233e9085e1dae3aeae502d7dc61e90','id','61233e6a18e67ce75a5c3c9a2c7400aa','60f7c0ab77285b6598be7ad883e4d043','','N','string',NULL,'N','direct',NULL,NULL,NULL,NULL,'','2021-08-23 14:22:08','admin','2021-09-26 14:20:05','admin'),('61233e9194057e143198c28c4264888e','id','61233e6a18e67ce75a5c3c9a2c7400aa','60f7c0ab5a694013df63852e9cf1ad08','','N','string',NULL,'N','data','61233cd2a5aa703a7ef848fc3f51c964',NULL,NULL,NULL,'','2021-08-23 14:22:09','admin','2021-09-26 14:20:05','admin'),('612340704a72019805c4398924c5d697','arn','6123405a484bd9d944c150f92d97e328','60f7c634a734117baf71d0a69f1a6813','','N','string',NULL,'N','data','6123405a484bd9d944c150f92d97e328',NULL,NULL,NULL,'','2021-08-23 14:30:08','admin','2021-09-26 14:20:05','admin'),('61234071c69e535e1877d77a39b03226','arn','6123405a484bd9d944c150f92d97e328','60f7c63429e9e7f7df000665d74dd359','','N','string',NULL,'N','direct',NULL,NULL,NULL,NULL,'','2021-08-23 14:30:09','admin','2021-09-26 14:20:05','admin'),('612341230ed84ac511f0ce6f95285560','arn','612340fe4167a1fe13ca6b5f0ae20aa1','60f7c641968211efd7574957b7207276','','N','string',NULL,'N','data','6123405a484bd9d944c150f92d97e328',NULL,NULL,NULL,'','2021-08-23 14:33:07','admin','2021-09-26 14:20:05','admin'),('612341230f793126c21c72399cffc549','arn','612340fe4167a1fe13ca6b5f0ae20aa1','60f7c64161004736f5a42e207bef038a','','N','string',NULL,'N','direct',NULL,NULL,NULL,NULL,'','2021-08-23 14:33:07','admin','2021-09-26 14:20:05','admin'),('61235bf8a7bd11ea014a9ad1a2207848','id','61235bcd587d4360be7765fdcd89b5fb','61235b3e7c0aae33858d9cd3fc396733','','N','string',NULL,'N','direct',NULL,NULL,NULL,NULL,'','2021-08-23 16:27:36','admin','2021-09-26 14:20:05','admin'),('61235bf99e74c426017572d3dcaf85bb','id','61235bcd587d4360be7765fdcd89b5fb','61235b3e5373bcbff18ea6244845c1ff','','N','string',NULL,'N','data','61235bcd587d4360be7765fdcd89b5fb',NULL,NULL,NULL,'','2021-08-23 16:27:37','admin','2021-09-26 14:20:05','admin'),('61235ca08ba03d0120d581de19c3b2b1','id','61235c70907f0b40eff05360aab7ca61','61235b4337d00db68ad09b465ba366a4','','N','string',NULL,'N','direct',NULL,NULL,NULL,NULL,'','2021-08-23 16:30:24','admin','2021-09-26 14:20:05','admin'),('61235ca0f35a7abd5bb9f725da848dc9','id','61235c70907f0b40eff05360aab7ca61','61235b43fbb3bb72a427e6324216b303','','N','string',NULL,'N','data','61235bcd587d4360be7765fdcd89b5fb',NULL,NULL,NULL,'','2021-08-23 16:30:24','admin','2021-09-26 14:20:05','admin'),('6123690216a42135a8e6e16459acbe86','endpoint','6123111c1cf1397ec5e8ca97308fc6a2','60fbfa27d9ba81d25c70680421d71090','','N','string',NULL,'N','direct',NULL,NULL,NULL,NULL,'','0000-00-00 00:00:00','','2021-09-26 14:20:05','admin'),('61236b0efc2f260ba9bbe93d4f488ff1','password','6123111c1cf1397ec5e8ca97308fc6a2','60fbfa1dc616a3063bc7cba985355a1c','','N','string',NULL,'N','direct',NULL,NULL,NULL,NULL,'','2021-08-23 17:31:58','admin','2021-09-26 14:20:05','admin'),('61237500f2e103edc70aa9bd6d59aeb5','bucket_domain_name','61233cd2a5aa703a7ef848fc3f51c964','60fa2501db01c00b42e6cd77c6ed80a5','','N','string',NULL,'N','direct',NULL,NULL,NULL,NULL,'','2021-08-23 18:14:24','admin','2021-09-26 14:20:05','admin'),('612376e74fa3771bddbfed6a6cb043b5','bucket_domain_name','61233e6a18e67ce75a5c3c9a2c7400aa','60fa25eb631f16fd4bff48e31c3d82d8','','N','string',NULL,'N','direct',NULL,NULL,NULL,NULL,'','2021-08-23 18:22:31','admin','2021-09-26 14:20:05','admin'),('6124584211eac3d6a5df1ec4a681ee96','name','612324740e05709923873a16246be668','6108f506b4ce0ca25ec89329b7ff8c9d','','N','string',NULL,'N','direct',NULL,NULL,NULL,NULL,'','2021-08-24 10:24:02','admin','2021-09-26 14:20:05','admin'),('612458541186331a1268e232a49dabe5','port','612324740e05709923873a16246be668','6108f55b436cb9698242316ea2fb87cf','','N','int',NULL,'N','direct',NULL,NULL,NULL,NULL,'','2021-08-24 10:24:20','admin','2021-09-26 14:20:05','admin'),('6124602ed98cd7ba482ba8bf864fc153','target_group_arn','612320e51f9b9f2fe02c735fd6e5d2d0','6108f293e9902d43b385c9955661af2e','','N','string',NULL,'N','data','6123216d15af15972b13717879bf3472',NULL,NULL,NULL,'','2021-08-24 10:57:50','admin','2021-09-26 14:20:05','admin'),('6124605406baa45eaf1ce2a775eeece7','load_balancer_arn','612320e51f9b9f2fe02c735fd6e5d2d0','60f8e58044ccfcebc8fced098b6c759c','','N','string',NULL,'N','data','612315b43c5b7099d4afc15b61363d54',NULL,NULL,NULL,'','2021-08-24 10:58:28','admin','2021-09-26 14:20:05','admin'),('6124607058bfb12d91cb00cd7672c2e0','protocol','612320e51f9b9f2fe02c735fd6e5d2d0','60fbe24c4a7c55e26ad21a3684e0d98b','','N','string',NULL,'N','template',NULL,NULL,NULL,NULL,'','0000-00-00 00:00:00','','2021-09-26 14:20:05','admin');

SET FOREIGN_KEY_CHECKS=1;
#@v0.5.0-end@;
